#
# A fatal error has been detected by the Java Runtime Environment:
#
#  SIGSEGV (0xb) at pc=0x00007f87f86156ae, pid=57612, tid=57832
#
# JRE version: OpenJDK Runtime Environment (26.0.2) (build 26.0.2)
# Java VM: OpenJDK 64-Bit Server VM (26.0.2, mixed mode, sharing, tiered, compressed oops, compressed class ptrs, g1 gc, linux-amd64)
# Problematic frame:
# C  [libEGL_nvidia.so.0+0xb56ae]
#
# Core dump will be written. Default location: Determined by the following: "/usr/lib/systemd/systemd-coredump %P %u %g %s %t %c %h %d %F" (alternatively, falling back to /home/ajdc/Documents/GitHub/cmsc137-game/core.57612)
#
# If you would like to submit a bug report, please visit:
#   https://bugreport.java.com/bugreport/crash.jsp
#

---------------  S U M M A R Y ------------

Command Line: -Djava.library.path=lib/natives/linux/x64 client.Main

Host: 11th Gen Intel(R) Core(TM) i5-11400F @ 2.60GHz, 12 cores, 15G, Arch Linux
Time: Fri May  1 14:00:29 2026 PST elapsed time: 49.351252 seconds (0d 0h 0m 49s)

---------------  T H R E A D  ---------------

Current thread is native thread

Stack: [0x00007f876a800000,0x00007f876b000000],  sp=0x00007f876affee00,  free space=8187k
Native frames: (J=compiled Java code, j=interpreted, Vv=VM code, C=native code)
C  [libEGL_nvidia.so.0+0xb56ae]

siginfo: si_signo: 11 (SIGSEGV), si_code: 1 (SEGV_MAPERR), si_addr: 0x0000000000000040

Registers:
RAX=0x0000000000000000, RBX=0x00007f87a95e4c10, RCX=0x0000000000000001, RDX=0x00007f87ab02c31c
RSP=0x00007f876affee00, RBP=0x00007f87e00178c0, RSI=0x00007f87f8608da0, RDI=0x00007f87f86a04a8
R8 =0x00007f88203161b0, R9 =0x00000000017628fa, R10=0x0000000000000000, R11=0x00007f8828af7000
R12=0x00007f87ab0315a0, R13=0x00007f87e00178c0, R14=0x00007f87e0938c00, R15=0x00007f87f9cf9c07
RIP=0x00007f87f86156ae, EFLAGS=0x0000000000010202, CSGSFS=0x002b000000000033, ERR=0x0000000000000004
  TRAPNO=0x000000000000000e

XMM[0]=0x0000000000000000 0x0000000044694000
XMM[1]=0x0000000000000000 0x0010001000100010
XMM[2]=0x00007f8828ab7700 0x00007f8828a72ba0
XMM[3]=0x00007f8828a5f8e0 0x00007f8828a5efe0
XMM[4]=0x0000000000000000 0x00007f8800000038
XMM[5]=0x0000000000000000 0x0000000000000000
XMM[6]=0x0000000000000000 0x0000000000000000
XMM[7]=0x0000000000000000 0x0000000000000000
XMM[8]=0x00007f88283f82b6 0x00007f88283f82b6
XMM[9]=0x00007f88283f82b2 0x00007f88283f82b2
XMM[10]=0x00007f88283f82ae 0x00007f88283f82ae
XMM[11]=0x00007f88283f82aa 0x00007f88283f82aa
XMM[12]=0x00007f88283f82a6 0x00007f88283f82a6
XMM[13]=0x00007f88283f82a2 0x00007f88283f82a2
XMM[14]=0x00007f88283f829e 0x00007f88283f829e
XMM[15]=0x00007f88283f829a 0x00007f88283f829a
  MXCSR=0x00001fa2


Top of Stack: (sp=0x00007f876affee00)
0x00007f876affee00:   00007f87ab02e400 00007f87a95e67fa   .........g^.....
0x00007f876affee10:   00007f87ab02e400 00007f87a943f80f   ..........C.....
0x00007f876affee20:   00007f88204a4a80 00007f87aafda6c0   .JJ ............
0x00007f876affee30:   00007f876afff6c0 00007f8700000063   ...j....c.......
0x00007f876affee40:   00007f8828ab1978 00007f87e0938c00   x..(............
0x00007f876affee50:   00007f87a95e7ca0 00007f876afff6c0   .|^........j....
0x00007f876affee60:   00007f87f9cf9b00 00007f876afffce4   ...........j....
0x00007f876affee70:   00007f87f9cf9c07 00007f87a95e8c7a   ........z.^.....
0x00007f876affee80:   00007f876afff6c0 00007f876afff6c0   ...j.......j....
0x00007f876affee90:   00007f876affef70 00007f882895e97a   p..j....z..(....
0x00007f876affeea0:   0000000000000000 0000000000801000   ................
0x00007f876affeeb0:   00007f876a7ff000 0000000000000000   ...j............
0x00007f876affeec0:   ffffffffffffff60 0000000000000000   `...............
0x00007f876affeed0:   0000000000000020 00007f876afff6c0    ..........j....
0x00007f876affeee0:   00007f876afff6c0 f1ba2e6be35b6160   ...j....`a[.k...
0x00007f876affeef0:   00007f876afff6c0 00007f87f9cf9b00   ...j............
0x00007f876affef00:   0000000000000000 00007f87f9cf9c07   ................
0x00007f876affef10:   f1ba2e6be0fb6160 f1a4aabff3496160   `a..k...`aI.....
0x00007f876affef20:   0000000000000000 0000000000000000   ................
0x00007f876affef30:   0000000000000000 0000000000000000   ................
0x00007f876affef40:   0000000000000000 770e55110cc4a000   .............U.w
0x00007f876affef50:   0000000000000000 00007f882895e680   ...........(....
0x00007f876affef60:   0000000000000000 00007f87f9cf9c07   ................
0x00007f876affef70:   0000000000000000 00007f88289e22bc   .........".(....
0x00007f876affef80:   0000000000000000 0000000000000000   ................
0x00007f876affef90:   0000000000000000 0000000000000000   ................
0x00007f876affefa0:   0000000000000000 0000000000000000   ................
0x00007f876affefb0:   0000000000000000 0000000000000000   ................
0x00007f876affefc0:   0000000000000000 0000000000000000   ................
0x00007f876affefd0:   0000000000000000 0000000000000000   ................
0x00007f876affefe0:   0000000000000000 0000000000000000   ................
0x00007f876affeff0:   0000000000000000 0000000000000000   ................

Instructions: (pc=0x00007f87f86156ae)
  0x00007f87f86155ae:   4c 24 08 48 85 c0 48 89 c2 74 61 48 89 08 49 8b
  0x00007f87f86155be:   44 24 40 48 83 c2 08 48 85 c0 74 41 41 8b 4c 24
  0x00007f87f86155ce:   34 31 c0 85 c9 74 19 49 8b 74 24 40 89 c1 83 c0
  0x00007f87f86155de:   01 48 8b 34 ce 48 89 34 ca 41 39 44 24 34 77 e7
  0x00007f87f86155ee:   49 8b 44 24 40 48 85 c0 74 13 48 8d 78 f8 48 89
  0x00007f87f86155fe:   54 24 08 e8 0a a8 00 00 48 8b 54 24 08 45 89 7c
  0x00007f87f861560e:   24 34 49 89 54 24 40 e9 9a fe ff ff 45 8b 74 24
  0x00007f87f861561e:   34 e9 90 fe ff ff 66 2e 0f 1f 84 00 00 00 00 00
  0x00007f87f861562e:   66 90 48 8b 07 48 39 f0 74 58 55 48 89 fd 53 48
  0x00007f87f861563e:   89 f3 48 83 ec 08 48 85 c0 74 15 48 8d 78 08 ff
  0x00007f87f861564e:   50 18 85 c0 75 0a 48 8b 7d 00 48 8b 07 ff 50 08
  0x00007f87f861565e:   48 89 5d 00 48 85 db 74 19 48 8b 43 10 48 83 c4
  0x00007f87f861566e:   08 48 8d 7b 08 5b 5d ff e0 66 0f 1f 84 00 00 00
  0x00007f87f861567e:   00 00 48 83 c4 08 5b 5d c3 66 0f 1f 84 00 00 00
  0x00007f87f861568e:   00 00 c3 66 66 2e 0f 1f 84 00 00 00 00 00 0f 1f
  0x00007f87f861569e:   40 00 48 83 ec 08 bf 01 00 00 00 e8 62 4c ff ff
=>0x00007f87f86156ae:   8b 70 40 48 8d 78 30 48 83 c4 08 e9 12 77 f8 ff
  0x00007f87f86156be:   66 90 48 83 ec 18 48 8b 87 b0 04 00 00 ba 04 00
  0x00007f87f86156ce:   00 00 be 01 00 00 00 c7 44 24 0c 00 00 00 00 48
  0x00007f87f86156de:   8d 4c 24 0c bf 01 00 00 00 ff 90 d8 00 00 00 48
  0x00007f87f86156ee:   83 c4 18 c3 66 66 2e 0f 1f 84 00 00 00 00 00 0f
  0x00007f87f86156fe:   1f 00 49 89 fa 41 89 d1 40 0f b6 fe 89 ca 49 8b
  0x00007f87f861570e:   82 b0 04 00 00 4c 89 c1 44 89 ce 48 8b 80 d8 00
  0x00007f87f861571e:   00 00 ff e0 66 66 2e 0f 1f 84 00 00 00 00 00 0f
  0x00007f87f861572e:   1f 00 55 40 0f b6 f6 53 48 89 fb 48 83 ec 08 48
  0x00007f87f861573e:   8b af b0 04 00 00 e8 b7 ff ff ff ff 95 00 01 00
  0x00007f87f861574e:   00 8b 10 89 53 28 48 83 c4 08 5b 5d c3 0f 1f 44
  0x00007f87f861575e:   00 00 41 57 41 56 49 89 fe bf 01 00 00 00 41 55
  0x00007f87f861576e:   49 89 f5 41 54 55 53 48 83 ec 58 48 89 14 24 e8
  0x00007f87f861577e:   8e 4b ff ff 48 c7 44 24 18 00 00 00 00 83 b8 a0
  0x00007f87f861578e:   04 00 00 03 4c 8b b8 b0 04 00 00 48 89 c3 44 8b
  0x00007f87f861579e:   60 38 0f 84 02 01 00 00 48 8d 4c 24 20 48 8d 70



---------------  P R O C E S S  ---------------

VM state: at safepoint (shutting down)

VM Mutex/Monitor currently owned by a thread:  ([mutex/lock_event])
[0x00007f882869ea70] Threads_lock - owner thread: 0x00007f88200ef220
[0x00007f882869e7f0] Heap_lock - owner thread: 0x00007f87cc009020

Heap address: 0x0000000708c00000, size: 3956 MB, Compressed Oops mode: Zero based, Oop shift amount: 3

CDS archive(s) mapped at: [0x0000000022000000-0x0000000022da6000-0x0000000022da6000), size 14311424, SharedBaseAddress: 0x0000000022000000, ArchiveRelocationMode: 1.
Compressed class space mapped at: 0x0000000023000000-0x0000000063000000, reserved size: 1073741824
UseCompressedClassPointers 1, UseCompactObjectHeaders 0
Narrow klass pointer bits 32, Max shift 3
Narrow klass base: 0x0000000022000000, Narrow klass shift: 0
Encoding Range: [0x0000000022000000 - 0x0000000122000000), (4294967296 bytes)
Klass Range:    [0x0000000022000000 - 0x0000000063000000), (1090519040 bytes)
Klass ID Range:  [8 - 1090519033) (1090519025)
Protection zone: [0x0000000022000000 - 0x0000000022001000), (4096 bytes)

GC Precious Log:
<Skipped>

Heap:
 garbage-first heap   total reserved 4050944K, committed 30720K, used 8081K [0x0000000708c00000, 0x0000000800000000)
  region size 2M, 3 eden (6M), 1 survivor (2M), 3 old (6M), 0 humongous (0M), 8 free (16M)

Heap Regions: E=young(eden), S=young(survivor), O=old, HS=humongous(starts), HC=humongous(continues), CS=collection set, F=free, TAMS=top-at-mark-start, PB=parsable bottom
|    0|0x0000000708c00000, 0x0000000708e00000, 0x0000000708e00000|100%| O|  |TAMS 0x0000000708c00000| PB 0x0000000708c00000| Untracked |  0
|    1|0x0000000708e00000, 0x0000000708ebfc88, 0x0000000709000000| 37%| O|  |TAMS 0x0000000708e00000| PB 0x0000000708e00000| Untracked |  0
|    2|0x0000000709000000, 0x0000000709000000, 0x0000000709200000|  0%| F|  |TAMS 0x0000000709000000| PB 0x0000000709000000| Untracked |  0
|    3|0x0000000709200000, 0x0000000709200000, 0x0000000709400000|  0%| F|  |TAMS 0x0000000709200000| PB 0x0000000709200000| Untracked |  0
|    4|0x0000000709400000, 0x0000000709400000, 0x0000000709600000|  0%| F|  |TAMS 0x0000000709400000| PB 0x0000000709400000| Untracked |  0
|    5|0x0000000709600000, 0x0000000709600810, 0x0000000709800000|  0%| S|CS|TAMS 0x0000000709600000| PB 0x0000000709600000| Complete  |  0
|    6|0x0000000709800000, 0x0000000709800000, 0x0000000709a00000|  0%| F|  |TAMS 0x0000000709800000| PB 0x0000000709800000| Untracked |  0
|    7|0x0000000709a00000, 0x0000000709a00000, 0x0000000709c00000|  0%| F|  |TAMS 0x0000000709a00000| PB 0x0000000709a00000| Untracked |  0
|    8|0x0000000709c00000, 0x0000000709c00000, 0x0000000709e00000|  0%| F|  |TAMS 0x0000000709c00000| PB 0x0000000709c00000| Untracked |  0
|    9|0x0000000709e00000, 0x0000000709e00000, 0x000000070a000000|  0%| F|  |TAMS 0x0000000709e00000| PB 0x0000000709e00000| Untracked |  0
|   10|0x000000070a000000, 0x000000070a000000, 0x000000070a200000|  0%| F|  |TAMS 0x000000070a000000| PB 0x000000070a000000| Untracked |  0
|   11|0x000000070a200000, 0x000000070a251f30, 0x000000070a400000| 16%| E|CS|TAMS 0x000000070a200000| PB 0x000000070a200000| Complete  |  0
|   12|0x000000070a400000, 0x000000070a600000, 0x000000070a600000|100%| E|CS|TAMS 0x000000070a400000| PB 0x000000070a400000| Complete  |  0
|   13|0x000000070a600000, 0x000000070a800000, 0x000000070a800000|100%| E|CS|TAMS 0x000000070a600000| PB 0x000000070a600000| Complete  |  0
| 1977|0x00000007ffe00000, 0x00000007fff241a8, 0x0000000800000000| 57%| O|  |TAMS 0x00000007ffe00000| PB 0x00000007ffe00000| Untracked |  0

Card table byte_map: [0x00007f88254ac000,0x00007f8825c66000] _byte_map_base: 0x00007f8821c66000
Refinement table byte_map: [0x00007f8824cf2000,0x00007f88254ac000] _byte_map_base: 0x00007f88214ac000

Marking Bits: (CMBitMap*) 0x00007f8820068c70
 Bits: [0x00007f8804030000, 0x00007f8807e00000)

Polling page: 0x00007f8828adb000

Metaspace:
Metaspace        used 10179K, committed 10752K, reserved 1114112K
 class space     used 797K, committed 1024K, reserved 1048576K

Usage:
  Non-class:      9.16 MB used.
      Class:    797.62 KB used.
       Both:      9.94 MB used.

Virtual space:
  Non-class space:       64.00 MB reserved,       9.50 MB ( 15%) committed,  1 nodes.
      Class space:        1.00 GB reserved,       1.00 MB ( <1%) committed,  1 nodes.
             Both:        1.06 GB reserved,      10.50 MB ( <1%) committed. 

Chunk freelists:
   Non-Class:  5.99 MB
       Class:  14.97 MB
        Both:  20.96 MB

MaxMetaspaceSize: unlimited
CompressedClassSpaceSize: 1.00 GB
Initial GC threshold: 21.00 MB
Current GC threshold: 21.00 MB
CDS: on
 - commit_granule_bytes: 65536.
 - commit_granule_words: 8192.
 - virtual_space_node_default_size: 8388608.
 - enlarge_chunks_in_place: 1.
UseCompressedClassPointers 1, UseCompactObjectHeaders 0
Narrow klass pointer bits 32, Max shift 3
Narrow klass base: 0x0000000022000000, Narrow klass shift: 0
Encoding Range: [0x0000000022000000 - 0x0000000122000000), (4294967296 bytes)
Klass Range:    [0x0000000022000000 - 0x0000000063000000), (1090519040 bytes)
Klass ID Range:  [8 - 1090519033) (1090519025)
Protection zone: [0x0000000022000000 - 0x0000000022001000), (4096 bytes)


Internal statistics:

num_allocs_failed_limit: 0.
num_arena_births: 718.
num_arena_deaths: 0.
num_vsnodes_births: 2.
num_vsnodes_deaths: 0.
num_space_committed: 167.
num_space_uncommitted: 0.
num_chunks_returned_to_freelist: 0.
num_chunks_taken_from_freelist: 1152.
num_chunk_merges: 0.
num_chunk_splits: 801.
num_chunks_enlarged: 492.
num_inconsistent_stats: 0.

CodeHeap 'non-profiled nmethods': size=120032Kb used=739Kb max_used=739Kb free=119292Kb
 bounds [0x00007f880f8c8000, 0x00007f880fb38000, 0x00007f8816e00000]
CodeHeap 'profiled nmethods': size=120028Kb used=2947Kb max_used=2947Kb free=117080Kb
 bounds [0x00007f8807e00000, 0x00007f88080f0000, 0x00007f880f337000]
CodeHeap 'non-nmethods': size=5700Kb used=3172Kb max_used=3195Kb free=2527Kb
 bounds [0x00007f880f337000, 0x00007f880f657000, 0x00007f880f8c8000]
CodeCache: size=245760Kb, used=6858Kb, max_used=6881Kb, free=238899Kb
 total_blobs=3702, nmethods=2047, adapters=1544, full_count=0
Compilation: enabled, stopped_count=0, restarted_count=0

Compilation events (20 events):
Event: 1.038 Thread 0x00007f8820100000 2038       4       client.systems.InputHandler::tick (189 bytes)
Event: 1.042 Thread 0x00007f8820100000 nmethod 2038 0x00007f880f97da08 code [0x00007f880f97db00, 0x00007f880f97e318]
Event: 1.042 Thread 0x00007f8820100000 2039       4       org.lwjgl.glfw.GLFW::glfwSwapBuffers (21 bytes)
Event: 1.043 Thread 0x00007f8820100000 nmethod 2039 0x00007f880f97e388 code [0x00007f880f97e480, 0x00007f880f97e558]
Event: 1.249 Thread 0x00007f88201019d0 2040       3       java.lang.ref.Reference::enqueueFromPending (19 bytes)
Event: 1.249 Thread 0x00007f88201019d0 nmethod 2040 0x00007f88080d3388 code [0x00007f88080d3480, 0x00007f88080d3680]
Event: 1.249 Thread 0x00007f88201019d0 2041   !   3       java.lang.ref.ReferenceQueue::enqueue (20 bytes)
Event: 1.249 Thread 0x00007f88201019d0 nmethod 2041 0x00007f88080d3688 code [0x00007f88080d3780, 0x00007f88080d3a30]
Event: 2.728 Thread 0x00007f88201019d0 2042 %     3       client.Main::loop @ 18 (159 bytes)
Event: 2.731 Thread 0x00007f88201019d0 nmethod 2042% 0x00007f88080d3a88 code [0x00007f88080d3b80, 0x00007f88080da020]
Event: 2.761 Thread 0x00007f88201019d0 2043       3       client.Main::loop (159 bytes)
Event: 2.764 Thread 0x00007f88201019d0 nmethod 2043 0x00007f88080da188 code [0x00007f88080da280, 0x00007f88080e05f0]
Event: 2.794 Thread 0x00007f8820100000 2044       4       org.joml.MemUtil$MemUtilNIO::copy (187 bytes)
Event: 2.795 Thread 0x00007f8820100000 nmethod 2044 0x00007f880f97e688 code [0x00007f880f97e780, 0x00007f880f97e978]
Event: 2.795 Thread 0x00007f8820100000 2045       4       org.lwjgl.opengl.GL20C::glUniformMatrix4fv (30 bytes)
Event: 2.796 Thread 0x00007f8820100000 nmethod 2045 0x00007f880f97e988 code [0x00007f880f97ea80, 0x00007f880f97ebc8]
Event: 4.120 Thread 0x00007f8820100000 2046 %     4       client.Main::loop @ 18 (159 bytes)
Event: 4.174 Thread 0x00007f8820100000 nmethod 2046% 0x00007f880f97ec88 code [0x00007f880f97eda0, 0x00007f880f980d60]
Event: 49.347 Thread 0x00007f88201019d0 2047       3       java.lang.ref.ReferenceQueue::poll0 (65 bytes)
Event: 49.347 Thread 0x00007f88201019d0 nmethod 2047 0x00007f88080e0708 code [0x00007f88080e0800, 0x00007f88080e0c80]

GC Heap Usage History (20 events):
Event: 27.703 {heap Before GC invocations=18 (full 0):
 garbage-first heap   total reserved 4050944K, committed 30720K, used 20395K [0x0000000708c00000, 0x0000000800000000)
  region size 2M, 8 eden (16M), 1 survivor (2M), 2 old (4M), 0 humongous (0M), 4 free (8M)
}
Event: 27.704 {heap After GC invocations=19 (full 0):
 garbage-first heap   total reserved 4050944K, committed 30720K, used 3996K [0x0000000708c00000, 0x0000000800000000)
  region size 2M, 0 eden (0M), 1 survivor (2M), 2 old (4M), 0 humongous (0M), 12 free (24M)
}
Event: 30.071 {heap Before GC invocations=19 (full 0):
 garbage-first heap   total reserved 4050944K, committed 30720K, used 20380K [0x0000000708c00000, 0x0000000800000000)
  region size 2M, 8 eden (16M), 1 survivor (2M), 2 old (4M), 0 humongous (0M), 4 free (8M)
}
Event: 30.072 {heap After GC invocations=20 (full 0):
 garbage-first heap   total reserved 4050944K, committed 30720K, used 4001K [0x0000000708c00000, 0x0000000800000000)
  region size 2M, 0 eden (0M), 1 survivor (2M), 2 old (4M), 0 humongous (0M), 12 free (24M)
}
Event: 32.350 {heap Before GC invocations=20 (full 0):
 garbage-first heap   total reserved 4050944K, committed 30720K, used 20385K [0x0000000708c00000, 0x0000000800000000)
  region size 2M, 8 eden (16M), 1 survivor (2M), 2 old (4M), 0 humongous (0M), 4 free (8M)
}
Event: 32.351 {heap After GC invocations=21 (full 0):
 garbage-first heap   total reserved 4050944K, committed 30720K, used 4051K [0x0000000708c00000, 0x0000000800000000)
  region size 2M, 0 eden (0M), 1 survivor (2M), 3 old (6M), 0 humongous (0M), 11 free (22M)
}
Event: 34.640 {heap Before GC invocations=21 (full 0):
 garbage-first heap   total reserved 4050944K, committed 30720K, used 20435K [0x0000000708c00000, 0x0000000800000000)
  region size 2M, 8 eden (16M), 1 survivor (2M), 3 old (6M), 0 humongous (0M), 3 free (6M)
}
Event: 34.640 {heap After GC invocations=22 (full 0):
 garbage-first heap   total reserved 4050944K, committed 30720K, used 4072K [0x0000000708c00000, 0x0000000800000000)
  region size 2M, 0 eden (0M), 1 survivor (2M), 3 old (6M), 0 humongous (0M), 11 free (22M)
}
Event: 36.949 {heap Before GC invocations=22 (full 0):
 garbage-first heap   total reserved 4050944K, committed 30720K, used 20456K [0x0000000708c00000, 0x0000000800000000)
  region size 2M, 8 eden (16M), 1 survivor (2M), 3 old (6M), 0 humongous (0M), 3 free (6M)
}
Event: 36.949 {heap After GC invocations=23 (full 0):
 garbage-first heap   total reserved 4050944K, committed 30720K, used 3994K [0x0000000708c00000, 0x0000000800000000)
  region size 2M, 0 eden (0M), 1 survivor (2M), 3 old (6M), 0 humongous (0M), 11 free (22M)
}
Event: 39.200 {heap Before GC invocations=23 (full 0):
 garbage-first heap   total reserved 4050944K, committed 30720K, used 20378K [0x0000000708c00000, 0x0000000800000000)
  region size 2M, 8 eden (16M), 1 survivor (2M), 3 old (6M), 0 humongous (0M), 3 free (6M)
}
Event: 39.200 {heap After GC invocations=24 (full 0):
 garbage-first heap   total reserved 4050944K, committed 30720K, used 3986K [0x0000000708c00000, 0x0000000800000000)
  region size 2M, 0 eden (0M), 1 survivor (2M), 3 old (6M), 0 humongous (0M), 11 free (22M)
}
Event: 41.489 {heap Before GC invocations=24 (full 0):
 garbage-first heap   total reserved 4050944K, committed 30720K, used 20370K [0x0000000708c00000, 0x0000000800000000)
  region size 2M, 8 eden (16M), 1 survivor (2M), 3 old (6M), 0 humongous (0M), 3 free (6M)
}
Event: 41.490 {heap After GC invocations=25 (full 0):
 garbage-first heap   total reserved 4050944K, committed 30720K, used 3985K [0x0000000708c00000, 0x0000000800000000)
  region size 2M, 0 eden (0M), 1 survivor (2M), 3 old (6M), 0 humongous (0M), 11 free (22M)
}
Event: 43.936 {heap Before GC invocations=25 (full 0):
 garbage-first heap   total reserved 4050944K, committed 30720K, used 20369K [0x0000000708c00000, 0x0000000800000000)
  region size 2M, 8 eden (16M), 1 survivor (2M), 3 old (6M), 0 humongous (0M), 3 free (6M)
}
Event: 43.936 {heap After GC invocations=26 (full 0):
 garbage-first heap   total reserved 4050944K, committed 30720K, used 3985K [0x0000000708c00000, 0x0000000800000000)
  region size 2M, 0 eden (0M), 1 survivor (2M), 3 old (6M), 0 humongous (0M), 11 free (22M)
}
Event: 46.583 {heap Before GC invocations=26 (full 0):
 garbage-first heap   total reserved 4050944K, committed 30720K, used 20369K [0x0000000708c00000, 0x0000000800000000)
  region size 2M, 8 eden (16M), 1 survivor (2M), 3 old (6M), 0 humongous (0M), 3 free (6M)
}
Event: 46.584 {heap After GC invocations=27 (full 0):
 garbage-first heap   total reserved 4050944K, committed 30720K, used 3987K [0x0000000708c00000, 0x0000000800000000)
  region size 2M, 0 eden (0M), 1 survivor (2M), 3 old (6M), 0 humongous (0M), 11 free (22M)
}
Event: 48.840 {heap Before GC invocations=27 (full 0):
 garbage-first heap   total reserved 4050944K, committed 30720K, used 20371K [0x0000000708c00000, 0x0000000800000000)
  region size 2M, 8 eden (16M), 1 survivor (2M), 3 old (6M), 0 humongous (0M), 3 free (6M)
}
Event: 48.840 {heap After GC invocations=28 (full 0):
 garbage-first heap   total reserved 4050944K, committed 30720K, used 3985K [0x0000000708c00000, 0x0000000800000000)
  region size 2M, 0 eden (0M), 1 survivor (2M), 3 old (6M), 0 humongous (0M), 11 free (22M)
}

Metaspace Usage History (20 events):
Event: 27.703 {metaspace Before GC invocations=18 (full 0):
 Metaspace       used 10094K, committed 10688K, reserved 1114112K
  class space    used 785K, committed 1024K, reserved 1048576K
}
Event: 27.704 {metaspace After GC invocations=19 (full 0):
 Metaspace       used 10094K, committed 10688K, reserved 1114112K
  class space    used 785K, committed 1024K, reserved 1048576K
}
Event: 30.071 {metaspace Before GC invocations=19 (full 0):
 Metaspace       used 10094K, committed 10688K, reserved 1114112K
  class space    used 785K, committed 1024K, reserved 1048576K
}
Event: 30.072 {metaspace After GC invocations=20 (full 0):
 Metaspace       used 10094K, committed 10688K, reserved 1114112K
  class space    used 785K, committed 1024K, reserved 1048576K
}
Event: 32.350 {metaspace Before GC invocations=20 (full 0):
 Metaspace       used 10094K, committed 10688K, reserved 1114112K
  class space    used 785K, committed 1024K, reserved 1048576K
}
Event: 32.351 {metaspace After GC invocations=21 (full 0):
 Metaspace       used 10094K, committed 10688K, reserved 1114112K
  class space    used 785K, committed 1024K, reserved 1048576K
}
Event: 34.640 {metaspace Before GC invocations=21 (full 0):
 Metaspace       used 10094K, committed 10688K, reserved 1114112K
  class space    used 785K, committed 1024K, reserved 1048576K
}
Event: 34.640 {metaspace After GC invocations=22 (full 0):
 Metaspace       used 10094K, committed 10688K, reserved 1114112K
  class space    used 785K, committed 1024K, reserved 1048576K
}
Event: 36.949 {metaspace Before GC invocations=22 (full 0):
 Metaspace       used 10094K, committed 10688K, reserved 1114112K
  class space    used 785K, committed 1024K, reserved 1048576K
}
Event: 36.949 {metaspace After GC invocations=23 (full 0):
 Metaspace       used 10094K, committed 10688K, reserved 1114112K
  class space    used 785K, committed 1024K, reserved 1048576K
}
Event: 39.200 {metaspace Before GC invocations=23 (full 0):
 Metaspace       used 10094K, committed 10688K, reserved 1114112K
  class space    used 785K, committed 1024K, reserved 1048576K
}
Event: 39.200 {metaspace After GC invocations=24 (full 0):
 Metaspace       used 10094K, committed 10688K, reserved 1114112K
  class space    used 785K, committed 1024K, reserved 1048576K
}
Event: 41.489 {metaspace Before GC invocations=24 (full 0):
 Metaspace       used 10094K, committed 10688K, reserved 1114112K
  class space    used 785K, committed 1024K, reserved 1048576K
}
Event: 41.490 {metaspace After GC invocations=25 (full 0):
 Metaspace       used 10094K, committed 10688K, reserved 1114112K
  class space    used 785K, committed 1024K, reserved 1048576K
}
Event: 43.936 {metaspace Before GC invocations=25 (full 0):
 Metaspace       used 10094K, committed 10688K, reserved 1114112K
  class space    used 785K, committed 1024K, reserved 1048576K
}
Event: 43.936 {metaspace After GC invocations=26 (full 0):
 Metaspace       used 10094K, committed 10688K, reserved 1114112K
  class space    used 785K, committed 1024K, reserved 1048576K
}
Event: 46.583 {metaspace Before GC invocations=26 (full 0):
 Metaspace       used 10094K, committed 10688K, reserved 1114112K
  class space    used 785K, committed 1024K, reserved 1048576K
}
Event: 46.584 {metaspace After GC invocations=27 (full 0):
 Metaspace       used 10094K, committed 10688K, reserved 1114112K
  class space    used 785K, committed 1024K, reserved 1048576K
}
Event: 48.840 {metaspace Before GC invocations=27 (full 0):
 Metaspace       used 10094K, committed 10688K, reserved 1114112K
  class space    used 785K, committed 1024K, reserved 1048576K
}
Event: 48.840 {metaspace After GC invocations=28 (full 0):
 Metaspace       used 10094K, committed 10688K, reserved 1114112K
  class space    used 785K, committed 1024K, reserved 1048576K
}

Dll operation events (20 events):
Event: 0.001 Attempting to load shared library /usr/lib/jvm/java-26-openjdk/lib/libjava.so
Event: 0.001 Loaded shared library /usr/lib/jvm/java-26-openjdk/lib/libjava.so
Event: 0.009 Attempting to load shared library /usr/lib/jvm/java-26-openjdk/lib/libsimdsort.so
Event: 0.009 Loaded shared library /usr/lib/jvm/java-26-openjdk/lib/libsimdsort.so
Event: 0.012 Attempting to load shared library /usr/lib/jvm/java-26-openjdk/lib/libnio.so
Event: 0.012 Loaded shared library /usr/lib/jvm/java-26-openjdk/lib/libnio.so
Event: 0.018 Attempting to load shared library /usr/lib/jvm/java-26-openjdk/lib/libzip.so
Event: 0.018 Loaded shared library /usr/lib/jvm/java-26-openjdk/lib/libzip.so
Event: 0.041 Attempting to load shared library /usr/lib/jvm/java-26-openjdk/lib/libjimage.so
Event: 0.041 Loaded shared library /usr/lib/jvm/java-26-openjdk/lib/libjimage.so
Event: 0.045 Attempting to load shared library /home/ajdc/Documents/GitHub/cmsc137-game/lib/natives/linux/x64/liblwjgl.so
Event: 0.046 Loaded shared library /home/ajdc/Documents/GitHub/cmsc137-game/lib/natives/linux/x64/liblwjgl.so
Event: 0.049 Attempting to load shared library /usr/lib/jvm/java-26-openjdk/lib/libnet.so
Event: 0.049 Loaded shared library /usr/lib/jvm/java-26-openjdk/lib/libnet.so
Event: 0.428 Attempting to load shared library /home/ajdc/Documents/GitHub/cmsc137-game/lib/natives/linux/x64/liblwjgl_opengl.so
Event: 0.428 Loaded shared library /home/ajdc/Documents/GitHub/cmsc137-game/lib/natives/linux/x64/liblwjgl_opengl.so
Event: 0.497 Attempting to load shared library /home/ajdc/Documents/GitHub/cmsc137-game/lib/natives/linux/x64/liblwjgl_stb.so
Event: 0.497 Loaded shared library /home/ajdc/Documents/GitHub/cmsc137-game/lib/natives/linux/x64/liblwjgl_stb.so
Event: 0.507 Attempting to load shared library /usr/lib/jvm/java-26-openjdk/lib/libverify.so
Event: 0.507 Loaded shared library /usr/lib/jvm/java-26-openjdk/lib/libverify.so

Deoptimization events (20 events):
Event: 0.535 Thread 0x00007f8820019100 DEOPT PACKING pc=0x00007f880f8db42c sp=0x00007f88273fcf70
Event: 0.535 Thread 0x00007f8820019100 DEOPT UNPACKING pc=0x00007f880f46b779 sp=0x00007f88273fced0 mode 2
Event: 0.535 Thread 0x00007f8820019100 Uncommon trap: trap_request=0xffffff45 fr.pc=0x00007f880f8d9358 relative=0x0000000000000058
Event: 0.535 Thread 0x00007f8820019100 Uncommon trap: reason=unstable_if action=reinterpret pc=0x00007f880f8d9358 method=java.lang.String.isLatin1()Z @ 10 c2
Event: 0.535 Thread 0x00007f8820019100 DEOPT PACKING pc=0x00007f880f8d9358 sp=0x00007f88273fc400
Event: 0.535 Thread 0x00007f8820019100 DEOPT UNPACKING pc=0x00007f880f46b779 sp=0x00007f88273fc3b0 mode 2
Event: 0.543 Thread 0x00007f8820019100 Uncommon trap: trap_request=0xfffffff4 fr.pc=0x00007f880f94ee84 relative=0x0000000000000184
Event: 0.543 Thread 0x00007f8820019100 Uncommon trap: reason=null_check action=make_not_entrant pc=0x00007f880f94ee84 method=java.lang.reflect.Array.newInstance(Ljava/lang/Class;I)Ljava/lang/Object; @ 2 c2
Event: 0.543 Thread 0x00007f8820019100 DEOPT PACKING pc=0x00007f880f94ee84 sp=0x00007f88273fd230
Event: 0.543 Thread 0x00007f8820019100 DEOPT UNPACKING pc=0x00007f880f46b779 sp=0x00007f88273fd1e8 mode 2
Event: 4.389 Thread 0x00007f8820019100 DEOPT PACKING pc=0x00007f88080d99b2 sp=0x00007f88273fe650
Event: 4.389 Thread 0x00007f8820019100 DEOPT UNPACKING pc=0x00007f880f387e8f sp=0x00007f88273fdce8 mode 0
Event: 49.346 Thread 0x00007f87cc009020 Uncommon trap: trap_request=0xffffff45 fr.pc=0x00007f880f9718c4 relative=0x00000000000000c4
Event: 49.346 Thread 0x00007f87cc009020 Uncommon trap: reason=unstable_if action=reinterpret pc=0x00007f880f9718c4 method=java.util.HashMap$HashIterator.<init>(Ljava/util/HashMap;)V @ 43 c2
Event: 49.346 Thread 0x00007f87cc009020 DEOPT PACKING pc=0x00007f880f9718c4 sp=0x00007f8798bfd700
Event: 49.346 Thread 0x00007f87cc009020 DEOPT UNPACKING pc=0x00007f880f46b779 sp=0x00007f8798bfd6d8 mode 2
Event: 49.347 Thread 0x00007f87cc009020 Uncommon trap: trap_request=0xffffff45 fr.pc=0x00007f880f973ad8 relative=0x00000000000000b8
Event: 49.347 Thread 0x00007f87cc009020 Uncommon trap: reason=unstable_if action=reinterpret pc=0x00007f880f973ad8 method=java.lang.StrictMath.floorOrCeil(DDDD)D @ 8 c2
Event: 49.347 Thread 0x00007f87cc009020 DEOPT PACKING pc=0x00007f880f973ad8 sp=0x00007f8798bfd420
Event: 49.347 Thread 0x00007f87cc009020 DEOPT UNPACKING pc=0x00007f880f46b779 sp=0x00007f8798bfd3b8 mode 2

Classes loaded (20 events):
Event: 49.346 Loading class jdk/internal/logger/AbstractLoggerWrapper
Event: 49.346 Loading class jdk/internal/logger/AbstractLoggerWrapper done
Event: 49.346 Loading class jdk/internal/logger/LazyLoggers$LazyLoggerWrapper done
Event: 49.346 Loading class jdk/internal/logger/LazyLoggers$JdkLazyLogger done
Event: 49.346 Loading class jdk/internal/logger/LazyLoggers$LazyLoggerAccessor
Event: 49.346 Loading class jdk/internal/logger/LazyLoggers$LoggerAccessor
Event: 49.346 Loading class jdk/internal/logger/LazyLoggers$LoggerAccessor done
Event: 49.346 Loading class jdk/internal/logger/LazyLoggers$LazyLoggerAccessor done
Event: 49.346 Loading class java/lang/System$Logger$Level
Event: 49.346 Loading class java/lang/System$Logger$Level done
Event: 49.347 Loading class jdk/internal/logger/SurrogateLogger
Event: 49.347 Loading class jdk/internal/logger/SimpleConsoleLogger
Event: 49.347 Loading class sun/util/logging/PlatformLogger$ConfigurableBridge$LoggerConfiguration
Event: 49.347 Loading class sun/util/logging/PlatformLogger$ConfigurableBridge$LoggerConfiguration done
Event: 49.347 Loading class jdk/internal/logger/SimpleConsoleLogger done
Event: 49.347 Loading class jdk/internal/logger/SurrogateLogger done
Event: 49.347 Loading class sun/util/logging/PlatformLogger
Event: 49.347 Loading class sun/util/logging/PlatformLogger done
Event: 49.347 Loading class sun/util/logging/PlatformLogger$Level
Event: 49.347 Loading class sun/util/logging/PlatformLogger$Level done

Classes unloaded (0 events):
No events

Classes redefined (0 events):
No events

Internal exceptions (20 events):
Event: 0.445 Thread 0x00007f8820019100 Exception <a 'java/lang/NoSuchMethodError'{0x000000070a440308}: 'int java.lang.invoke.DelegatingMethodHandle$Holder.reinvoke_L(java.lang.Object, java.lang.Object, java.lang.Object, long)'> (0x000000070a440308) 
thrown [/usr/src/debug/java-openjdk/jdk26u-jdk-26-35/src/hotspot/share/interpreter/linkResolver.cpp, line 803]
Event: 0.493 Thread 0x00007f8820019100 Exception <a 'java/lang/NoSuchMethodError'{0x0000000709f8ff88}: 'void java.lang.invoke.DirectMethodHandle$Holder.invokeVirtual(java.lang.Object, java.lang.Object)'> (0x0000000709f8ff88) 
thrown [/usr/src/debug/java-openjdk/jdk26u-jdk-26-35/src/hotspot/share/interpreter/linkResolver.cpp, line 803]
Event: 0.496 Thread 0x00007f8820019100 Exception <a 'java/lang/NoSuchMethodError'{0x0000000709fe4a90}: 'void java.lang.System.load(java.lang.String, java.lang.Class)'> (0x0000000709fe4a90) 
thrown [/usr/src/debug/java-openjdk/jdk26u-jdk-26-35/src/hotspot/share/interpreter/linkResolver.cpp, line 803]
Event: 0.496 Thread 0x00007f8820019100 Exception <a 'java/lang/NoSuchMethodError'{0x0000000709fecab8}: 'void java.lang.System.loadLibrary(java.lang.String, java.lang.Class)'> (0x0000000709fecab8) 
thrown [/usr/src/debug/java-openjdk/jdk26u-jdk-26-35/src/hotspot/share/interpreter/linkResolver.cpp, line 803]
Event: 0.516 Thread 0x00007f8820019100 Exception <a 'java/lang/NoSuchMethodError'{0x000000070a6a1b48}: 'void java.lang.invoke.DirectMethodHandle$Holder.invokeInterface(java.lang.Object, java.lang.Object, long, int, int)'> (0x000000070a6a1b48) 
thrown [/usr/src/debug/java-openjdk/jdk26u-jdk-26-35/src/hotspot/share/interpreter/linkResolver.cpp, line 803]
Event: 0.517 Thread 0x00007f8820019100 Exception <a 'java/lang/NoSuchMethodError'{0x000000070a6bb1d0}: 'void java.lang.invoke.DelegatingMethodHandle$Holder.reinvoke_L(java.lang.Object, java.lang.Object, long, int, int)'> (0x000000070a6bb1d0) 
thrown [/usr/src/debug/java-openjdk/jdk26u-jdk-26-35/src/hotspot/share/interpreter/linkResolver.cpp, line 803]
Event: 0.517 Thread 0x00007f8820019100 Exception <a 'java/lang/NoSuchMethodError'{0x000000070a6e34f8}: 'java.lang.Object java.lang.invoke.DelegatingMethodHandle$Holder.delegate(java.lang.Object, java.lang.Object, long, int, int)'> (0x000000070a6e34f8) 
thrown [/usr/src/debug/java-openjdk/jdk26u-jdk-26-35/src/hotspot/share/interpreter/linkResolver.cpp, line 803]
Event: 0.518 Thread 0x00007f8820019100 Exception <a 'java/lang/NoSuchMethodError'{0x000000070a707690}: 'void java.lang.invoke.DirectMethodHandle$Holder.invokeStatic(java.lang.Object, java.lang.Object, long, int, int)'> (0x000000070a707690) 
thrown [/usr/src/debug/java-openjdk/jdk26u-jdk-26-35/src/hotspot/share/interpreter/linkResolver.cpp, line 803]
Event: 0.518 Thread 0x00007f8820019100 Exception <a 'java/lang/NoSuchMethodError'{0x000000070a70f9d8}: 'void java.lang.invoke.Invokers$Holder.exactInvoker(java.lang.Object, java.lang.Object, long, int, int)'> (0x000000070a70f9d8) 
thrown [/usr/src/debug/java-openjdk/jdk26u-jdk-26-35/src/hotspot/share/interpreter/linkResolver.cpp, line 803]
Event: 0.519 Thread 0x00007f8820019100 Exception <a 'java/lang/NoSuchMethodError'{0x000000070a717ec8}: 'void java.lang.invoke.DelegatingMethodHandle$Holder.delegate(java.lang.Object, java.lang.Object, long, int, int)'> (0x000000070a717ec8) 
thrown [/usr/src/debug/java-openjdk/jdk26u-jdk-26-35/src/hotspot/share/interpreter/linkResolver.cpp, line 803]
Event: 0.525 Thread 0x00007f8820019100 Exception <a 'java/lang/NoSuchMethodError'{0x000000070a40f968}: 'double java.lang.invoke.DirectMethodHandle$Holder.invokeStaticInit(java.lang.Object, java.lang.Object, java.lang.Object)'> (0x000000070a40f968) 
thrown [/usr/src/debug/java-openjdk/jdk26u-jdk-26-35/src/hotspot/share/interpreter/linkResolver.cpp, line 803]
Event: 0.525 Thread 0x00007f8820019100 Exception <a 'java/lang/NoSuchMethodError'{0x000000070a41fba0}: 'double java.lang.invoke.DelegatingMethodHandle$Holder.reinvoke_L(java.lang.Object, java.lang.Object, java.lang.Object)'> (0x000000070a41fba0) 
thrown [/usr/src/debug/java-openjdk/jdk26u-jdk-26-35/src/hotspot/share/interpreter/linkResolver.cpp, line 803]
Event: 0.526 Thread 0x00007f8820019100 Exception <a 'java/lang/NoSuchMethodError'{0x000000070a440788}: 'double java.lang.invoke.DirectMethodHandle$Holder.invokeSpecial(java.lang.Object, java.lang.Object, java.lang.Object)'> (0x000000070a440788) 
thrown [/usr/src/debug/java-openjdk/jdk26u-jdk-26-35/src/hotspot/share/interpreter/linkResolver.cpp, line 803]
Event: 0.526 Thread 0x00007f8820019100 Exception <a 'java/lang/NoSuchMethodError'{0x000000070a448430}: 'double java.lang.invoke.Invokers$Holder.invokeExact_MT(java.lang.Object, java.lang.Object, java.lang.Object)'> (0x000000070a448430) 
thrown [/usr/src/debug/java-openjdk/jdk26u-jdk-26-35/src/hotspot/share/interpreter/linkResolver.cpp, line 803]
Event: 0.529 Thread 0x00007f8820019100 Exception <a 'java/lang/NoSuchMethodError'{0x000000070a496df8}: 'int java.lang.invoke.DirectMethodHandle$Holder.invokeStaticInit(java.lang.Object, java.lang.Object, java.lang.Object, long)'> (0x000000070a496df8) 
thrown [/usr/src/debug/java-openjdk/jdk26u-jdk-26-35/src/hotspot/share/interpreter/linkResolver.cpp, line 803]
Event: 0.543 Thread 0x00007f8820019100 Implicit null exception at 0x00007f880f94ed21 to 0x00007f880f94ee74
Event: 0.575 Thread 0x00007f8820019100 Exception <a 'java/lang/NoSuchMethodError'{0x000000070a381a18}: 'void java.lang.invoke.DirectMethodHandle$Holder.invokeStaticInit(java.lang.Object, java.lang.Object, java.lang.Object)'> (0x000000070a381a18) 
thrown [/usr/src/debug/java-openjdk/jdk26u-jdk-26-35/src/hotspot/share/interpreter/linkResolver.cpp, line 803]
Event: 0.576 Thread 0x00007f8820019100 Exception <a 'java/lang/NoSuchMethodError'{0x000000070a3a3060}: 'void java.lang.invoke.Invokers$Holder.invokeExact_MT(java.lang.Object, java.lang.Object, java.lang.Object)'> (0x000000070a3a3060) 
thrown [/usr/src/debug/java-openjdk/jdk26u-jdk-26-35/src/hotspot/share/interpreter/linkResolver.cpp, line 803]
Event: 0.576 Thread 0x00007f8820019100 Exception <a 'java/lang/NoSuchMethodError'{0x000000070a3ab7c8}: 'void java.lang.invoke.DirectMethodHandle$Holder.invokeSpecial(java.lang.Object, java.lang.Object, long)'> (0x000000070a3ab7c8) 
thrown [/usr/src/debug/java-openjdk/jdk26u-jdk-26-35/src/hotspot/share/interpreter/linkResolver.cpp, line 803]
Event: 0.576 Thread 0x00007f8820019100 Exception <a 'java/lang/NoSuchMethodError'{0x000000070a3b33e0}: 'void java.lang.invoke.Invokers$Holder.invokeExact_MT(java.lang.Object, long, java.lang.Object)'> (0x000000070a3b33e0) 
thrown [/usr/src/debug/java-openjdk/jdk26u-jdk-26-35/src/hotspot/share/interpreter/linkResolver.cpp, line 803]

VM Operations (20 events):
Event: 27.704 Executing safepoint VM operation: G1CollectForAllocation (G1 Evacuation Pause) done
Event: 30.071 Executing safepoint VM operation: G1CollectForAllocation (G1 Evacuation Pause)
Event: 30.072 Executing safepoint VM operation: G1CollectForAllocation (G1 Evacuation Pause) done
Event: 32.350 Executing safepoint VM operation: G1CollectForAllocation (G1 Evacuation Pause)
Event: 32.351 Executing safepoint VM operation: G1CollectForAllocation (G1 Evacuation Pause) done
Event: 34.640 Executing safepoint VM operation: G1CollectForAllocation (G1 Evacuation Pause)
Event: 34.640 Executing safepoint VM operation: G1CollectForAllocation (G1 Evacuation Pause) done
Event: 36.949 Executing safepoint VM operation: G1CollectForAllocation (G1 Evacuation Pause)
Event: 36.949 Executing safepoint VM operation: G1CollectForAllocation (G1 Evacuation Pause) done
Event: 39.200 Executing safepoint VM operation: G1CollectForAllocation (G1 Evacuation Pause)
Event: 39.200 Executing safepoint VM operation: G1CollectForAllocation (G1 Evacuation Pause) done
Event: 41.489 Executing safepoint VM operation: G1CollectForAllocation (G1 Evacuation Pause)
Event: 41.490 Executing safepoint VM operation: G1CollectForAllocation (G1 Evacuation Pause) done
Event: 43.936 Executing safepoint VM operation: G1CollectForAllocation (G1 Evacuation Pause)
Event: 43.936 Executing safepoint VM operation: G1CollectForAllocation (G1 Evacuation Pause) done
Event: 46.583 Executing safepoint VM operation: G1CollectForAllocation (G1 Evacuation Pause)
Event: 46.584 Executing safepoint VM operation: G1CollectForAllocation (G1 Evacuation Pause) done
Event: 48.840 Executing safepoint VM operation: G1CollectForAllocation (G1 Evacuation Pause)
Event: 48.840 Executing safepoint VM operation: G1CollectForAllocation (G1 Evacuation Pause) done
Event: 49.347 Executing safepoint VM operation: Exit

Memory protections (13 events):
Event: 0.001 Protecting memory [0x00007f8827300000,0x00007f8827304000] with protection modes 0
Event: 0.003 Protecting memory [0x0000000022000000,0x0000000022001000] with protection modes 0
Event: 0.008 Protecting memory [0x00007f87f99fb000,0x00007f87f99ff000] with protection modes 0
Event: 0.008 Protecting memory [0x00007f87f98fa000,0x00007f87f98fe000] with protection modes 0
Event: 0.008 Protecting memory [0x00007f87f9500000,0x00007f87f9504000] with protection modes 0
Event: 0.008 Protecting memory [0x00007f87f93ff000,0x00007f87f9403000] with protection modes 0
Event: 0.008 Protecting memory [0x00007f87f92fe000,0x00007f87f9302000] with protection modes 0
Event: 0.008 Protecting memory [0x00007f87f91fd000,0x00007f87f9201000] with protection modes 0
Event: 0.008 Protecting memory [0x00007f87f90fc000,0x00007f87f9100000] with protection modes 0
Event: 0.010 Protecting memory [0x00007f87f8ffb000,0x00007f87f8fff000] with protection modes 0
Event: 0.011 Protecting memory [0x00007f87f8efa000,0x00007f87f8efe000] with protection modes 0
Event: 0.072 Protecting memory [0x00007f87f8df9000,0x00007f87f8dfd000] with protection modes 0
Event: 49.345 Protecting memory [0x00007f8798b00000,0x00007f8798b04000] with protection modes 0

Nmethod flushes (0 events):
No events

Events (13 events):
Event: 0.003 Thread 0x00007f8820019100 Thread added: 0x00007f8820019100
Event: 0.008 Thread 0x00007f8820019100 Thread added: 0x00007f88200f8210
Event: 0.008 Thread 0x00007f8820019100 Thread added: 0x00007f88200f93c0
Event: 0.008 Thread 0x00007f8820019100 Thread added: 0x00007f88200fad70
Event: 0.008 Thread 0x00007f8820019100 Thread added: 0x00007f88200fc5d0
Event: 0.008 Thread 0x00007f8820019100 Thread added: 0x00007f88200fde20
Event: 0.008 Thread 0x00007f8820019100 Thread added: 0x00007f8820100000
Event: 0.008 Thread 0x00007f8820019100 Thread added: 0x00007f88201019d0
Event: 0.010 Thread 0x00007f8820019100 Thread added: 0x00007f882010ddb0
Event: 0.011 Thread 0x00007f8820019100 Thread added: 0x00007f8820110630
Event: 0.072 Thread 0x00007f8820019100 Thread added: 0x00007f882023ed20
Event: 49.345 Thread 0x00007f88200fad70 Thread added: 0x00007f87cc009020
Event: 49.347 Thread 0x00007f87cc009020 Before exit entered


Dynamic libraries:
22000000-22001000 ---p 00000000 00:00 0 
22001000-22da6000 rw-p 00001000 103:07 16420868                          /usr/lib/jvm/java-26-openjdk/lib/server/classes.jsa
22da6000-23000000 ---p 00000000 00:00 0 
23000000-23040000 rw-p 00000000 00:00 0 
23040000-230e0000 rw-p 00000000 00:00 0 
230e0000-230f0000 rw-p 00000000 00:00 0 
230f0000-23100000 ---p 00000000 00:00 0 
23100000-23110000 rw-p 00000000 00:00 0 
23110000-63000000 ---p 00000000 00:00 0 
708c00000-70a800000 rw-p 00000000 00:00 0 
70a800000-7ffe00000 ---p 00000000 00:00 0 
7ffe00000-7fff25000 rw-p 00ddb000 103:07 16420868                        /usr/lib/jvm/java-26-openjdk/lib/server/classes.jsa
7fff25000-800000000 rw-p 00000000 00:00 0 
56248e884000-56248e885000 r--p 00000000 103:07 16420596                  /usr/lib/jvm/java-26-openjdk/bin/java
56248e885000-56248e886000 r-xp 00001000 103:07 16420596                  /usr/lib/jvm/java-26-openjdk/bin/java
56248e886000-56248e887000 r--p 00002000 103:07 16420596                  /usr/lib/jvm/java-26-openjdk/bin/java
56248e887000-56248e888000 r--p 00002000 103:07 16420596                  /usr/lib/jvm/java-26-openjdk/bin/java
56248e888000-56248e889000 rw-p 00003000 103:07 16420596                  /usr/lib/jvm/java-26-openjdk/bin/java
5624b61b3000-5624b61fb000 rw-p 00000000 00:00 0                          [heap]
7f8764000000-7f8764021000 rw-p 00000000 00:00 0 
7f8764021000-7f8768000000 ---p 00000000 00:00 0 
7f876a7ff000-7f876b000000 rw-p 00000000 00:00 0 
7f876b000000-7f876b400000 rw-s 00000000 00:06 1112                       /dev/nvidiactl
7f876b400000-7f876b800000 rw-s 00000000 00:06 1112                       /dev/nvidiactl
7f876b800000-7f876bc00000 rw-s 00000000 00:06 1112                       /dev/nvidiactl
7f876bc00000-7f876c000000 rw-s 00000000 00:06 1112                       /dev/nvidiactl
7f876c000000-7f876c400000 rw-s 00000000 00:06 1112                       /dev/nvidiactl
7f876c400000-7f876c800000 rw-s 00000000 00:06 1112                       /dev/nvidiactl
7f876c800000-7f876cc00000 rw-s 00000000 00:06 1112                       /dev/nvidiactl
7f876cc00000-7f876d000000 rw-s 00000000 00:06 1112                       /dev/nvidiactl
7f876d000000-7f876d400000 rw-s 00000000 00:06 1112                       /dev/nvidiactl
7f876d400000-7f876d800000 rw-s 00000000 00:06 1112                       /dev/nvidiactl
7f876d800000-7f876dc00000 rw-s 00000000 00:06 1112                       /dev/nvidiactl
7f876dc00000-7f876e000000 rw-s 00000000 00:06 1112                       /dev/nvidiactl
7f876e000000-7f876e400000 rw-s 00000000 00:06 1112                       /dev/nvidiactl
7f876e400000-7f876e800000 rw-s 00000000 00:06 1112                       /dev/nvidiactl
7f876e800000-7f876ec00000 rw-s 00000000 00:06 1112                       /dev/nvidiactl
7f876ec00000-7f876f000000 rw-s 00000000 00:06 1112                       /dev/nvidiactl
7f876f000000-7f876f400000 rw-s 00000000 00:06 1112                       /dev/nvidiactl
7f876f400000-7f876f800000 rw-s 00000000 00:06 1112                       /dev/nvidiactl
7f876f800000-7f876fc00000 rw-s 00000000 00:06 1112                       /dev/nvidiactl
7f876fc00000-7f8770000000 rw-s 00000000 00:06 1112                       /dev/nvidiactl
7f8770000000-7f8770400000 rw-s 00000000 00:06 1112                       /dev/nvidiactl
7f8770400000-7f8770800000 rw-s 00000000 00:06 1112                       /dev/nvidiactl
7f8770800000-7f8770c00000 rw-s 00000000 00:06 1112                       /dev/nvidiactl
7f8770c00000-7f8771000000 rw-s 00000000 00:06 1112                       /dev/nvidiactl
7f8771000000-7f8771400000 rw-s 00000000 00:06 1112                       /dev/nvidiactl
7f8771400000-7f8771800000 rw-s 00000000 00:06 1112                       /dev/nvidiactl
7f8771800000-7f8771c00000 rw-s 00000000 00:06 1112                       /dev/nvidiactl
7f8771c00000-7f8772000000 rw-s 00000000 00:06 1112                       /dev/nvidiactl
7f8772000000-7f8772400000 rw-s 00000000 00:06 1112                       /dev/nvidiactl
7f8772400000-7f8772800000 rw-s 00000000 00:06 1112                       /dev/nvidiactl
7f8772800000-7f8772c00000 rw-s 00000000 00:06 1112                       /dev/nvidiactl
7f8772c00000-7f8773000000 rw-s 00000000 00:06 1112                       /dev/nvidiactl
7f8773000000-7f8773400000 rw-s 00000000 00:06 1112                       /dev/nvidiactl
7f8773400000-7f8773800000 rw-s 00000000 00:06 1112                       /dev/nvidiactl
7f8773800000-7f8773c00000 rw-s 00000000 00:06 1112                       /dev/nvidiactl
7f8773c00000-7f8774000000 rw-s 00000000 00:06 1112                       /dev/nvidiactl
7f8774000000-7f8774021000 rw-p 00000000 00:00 0 
7f8774021000-7f8778000000 ---p 00000000 00:00 0 
7f8778000000-7f8778021000 rw-p 00000000 00:00 0 
7f8778021000-7f877c000000 ---p 00000000 00:00 0 
7f877c000000-7f877c400000 rw-s 00000000 00:06 1112                       /dev/nvidiactl
7f877c400000-7f877c800000 rw-s 00000000 00:06 1112                       /dev/nvidiactl
7f877c800000-7f877cc00000 rw-s 00000000 00:06 1112                       /dev/nvidiactl
7f877cc00000-7f877d000000 rw-s 00000000 00:06 1112                       /dev/nvidiactl
7f877d000000-7f877d400000 rw-s 00000000 00:06 1112                       /dev/nvidiactl
7f877d400000-7f877d800000 rw-s 00000000 00:06 1112                       /dev/nvidiactl
7f877d800000-7f877dc00000 rw-s 00000000 00:06 1112                       /dev/nvidiactl
7f877dc00000-7f877e000000 rw-s 00000000 00:06 1112                       /dev/nvidiactl
7f877e000000-7f877e400000 rw-s 00000000 00:06 1112                       /dev/nvidiactl
7f877e400000-7f877e800000 rw-s 00000000 00:06 1112                       /dev/nvidiactl
7f877e800000-7f877ec00000 rw-s 00000000 00:06 1112                       /dev/nvidiactl
7f877ec00000-7f877f000000 rw-s 00000000 00:06 1112                       /dev/nvidiactl
7f877f000000-7f877f400000 rw-s 00000000 00:06 1112                       /dev/nvidiactl
7f877f400000-7f877f800000 rw-s 00000000 00:06 1112                       /dev/nvidiactl
7f877f800000-7f877fc00000 rw-s 00000000 00:06 1112                       /dev/nvidiactl
7f877fc00000-7f8780000000 rw-s 00000000 00:06 1112                       /dev/nvidiactl
7f8780000000-7f8780021000 rw-p 00000000 00:00 0 
7f8780021000-7f8784000000 ---p 00000000 00:00 0 
7f8784000000-7f8784021000 rw-p 00000000 00:00 0 
7f8784021000-7f8788000000 ---p 00000000 00:00 0 
7f8788000000-7f8788076000 rw-p 00000000 00:00 0 
7f8788076000-7f878c000000 ---p 00000000 00:00 0 
7f878c000000-7f878c200000 rw-s 00000000 00:06 1112                       /dev/nvidiactl
7f878c200000-7f878c600000 rw-s 00000000 00:06 1112                       /dev/nvidiactl
7f878c600000-7f878ca00000 rw-s 00000000 00:06 1112                       /dev/nvidiactl
7f878ca00000-7f878e994000 r--p 00000000 103:07 16009655                  /usr/lib/libicudata.so.78.3
7f878e994000-7f878e995000 r--p 01f93000 103:07 16009655                  /usr/lib/libicudata.so.78.3
7f878ea00000-7f878ef63000 r--p 00000000 103:07 16031017                  /usr/lib/libLLVM.so.22.1
7f878ef63000-7f8794968000 r-xp 00563000 103:07 16031017                  /usr/lib/libLLVM.so.22.1
7f8794968000-7f87987c0000 r--p 05f68000 103:07 16031017                  /usr/lib/libLLVM.so.22.1
7f87987c0000-7f87989dc000 r--p 09dbf000 103:07 16031017                  /usr/lib/libLLVM.so.22.1
7f87989dc000-7f87989e6000 rw-p 09fdb000 103:07 16031017                  /usr/lib/libLLVM.so.22.1
7f87989e6000-7f8798ab6000 rw-p 00000000 00:00 0 
7f8798aff000-7f8798b00000 rw-p 00000000 00:00 0 
7f8798b00000-7f8798b04000 ---p 00000000 00:00 0 
7f8798b04000-7f8798c00000 rw-p 00000000 00:00 0 
7f8798c00000-7f8798c1a000 r--p 00000000 103:07 16031113                  /usr/lib/libgallium-26.0.4-arch1.1.so
7f8798c1a000-7f879aaa3000 r-xp 0001a000 103:07 16031113                  /usr/lib/libgallium-26.0.4-arch1.1.so
7f879aaa3000-7f879bbfa000 r--p 01ea3000 103:07 16031113                  /usr/lib/libgallium-26.0.4-arch1.1.so
7f879bbfa000-7f879bd58000 r--p 02ffa000 103:07 16031113                  /usr/lib/libgallium-26.0.4-arch1.1.so
7f879bd58000-7f879bd8c000 rw-p 03158000 103:07 16031113                  /usr/lib/libgallium-26.0.4-arch1.1.so
7f879bd8c000-7f879bf59000 rw-p 00000000 00:00 0 
7f879c000000-7f879d279000 rw-p 00000000 00:00 0 
7f879d279000-7f87a0000000 ---p 00000000 00:00 0 
7f87a00fc000-7f87a01fd000 rw-p 00000000 00:00 0 
7f87a01fd000-7f87a03fd000 rw-s 00000000 00:06 1112                       /dev/nvidiactl
7f87a03fd000-7f87a07fd000 rw-s 00000000 00:06 1112                       /dev/nvidiactl
7f87a07fd000-7f87a0bfd000 rw-s 00000000 00:06 1112                       /dev/nvidiactl
7f87a0bfd000-7f87a0dfd000 rw-s 00000000 00:06 1112                       /dev/nvidiactl
7f87a0dfd000-7f87a1800000 rw-p 00000000 00:00 0 
7f87a185f000-7f87a18e2000 r-xp 00000000 103:07 12732673                  /home/ajdc/Documents/GitHub/cmsc137-game/lib/natives/linux/x64/liblwjgl_stb.so
7f87a18e2000-7f87a18f7000 r--p 00083000 103:07 12732673                  /home/ajdc/Documents/GitHub/cmsc137-game/lib/natives/linux/x64/liblwjgl_stb.so
7f87a18f7000-7f87a18f8000 r--p 00097000 103:07 12732673                  /home/ajdc/Documents/GitHub/cmsc137-game/lib/natives/linux/x64/liblwjgl_stb.so
7f87a18f8000-7f87a18f9000 rw-p 00098000 103:07 12732673                  /home/ajdc/Documents/GitHub/cmsc137-game/lib/natives/linux/x64/liblwjgl_stb.so
7f87a18f9000-7f87a190e000 r-xp 00000000 103:07 12732672                  /home/ajdc/Documents/GitHub/cmsc137-game/lib/natives/linux/x64/liblwjgl_opengl.so
7f87a190e000-7f87a1951000 r--p 00015000 103:07 12732672                  /home/ajdc/Documents/GitHub/cmsc137-game/lib/natives/linux/x64/liblwjgl_opengl.so
7f87a1951000-7f87a1952000 r--p 00057000 103:07 12732672                  /home/ajdc/Documents/GitHub/cmsc137-game/lib/natives/linux/x64/liblwjgl_opengl.so
7f87a1952000-7f87a1953000 rw-p 00058000 103:07 12732672                  /home/ajdc/Documents/GitHub/cmsc137-game/lib/natives/linux/x64/liblwjgl_opengl.so
7f87a1953000-7f87a1a54000 rw-p 00000000 00:00 0 
7f87a1a54000-7f87a1aef000 r--p 00000000 103:07 16516251                  /usr/share/fonts/noto/NotoSans-Bold.ttf
7f87a1aef000-7f87a1c00000 r--s 00000000 103:07 3670353                   /var/cache/fontconfig/923e285e415b1073c8df160bee08820f-le64.cache-9
7f87a1c00000-7f87a1c48000 r--p 00000000 103:07 16009672                  /usr/lib/libicuuc.so.78.3
7f87a1c48000-7f87a1d65000 r-xp 00048000 103:07 16009672                  /usr/lib/libicuuc.so.78.3
7f87a1d65000-7f87a1df8000 r--p 00165000 103:07 16009672                  /usr/lib/libicuuc.so.78.3
7f87a1df8000-7f87a1e0b000 r--p 001f8000 103:07 16009672                  /usr/lib/libicuuc.so.78.3
7f87a1e0b000-7f87a1e0c000 rw-p 0020b000 103:07 16009672                  /usr/lib/libicuuc.so.78.3
7f87a1e0c000-7f87a1e0e000 rw-p 00000000 00:00 0 
7f87a1e42000-7f87a1edd000 r--p 00000000 103:07 16516251                  /usr/share/fonts/noto/NotoSans-Bold.ttf
7f87a1edd000-7f87a27ff000 rw-p 00000000 00:00 0 
7f87a27ff000-7f87a3000000 rw-p 00000000 00:00 0 
7f87a3000000-7f87a3314000 r--p 00000000 103:07 16038945                  /usr/lib/libnvidia-gpucomp.so.595.58.03
7f87a3314000-7f87a7242000 r-xp 00314000 103:07 16038945                  /usr/lib/libnvidia-gpucomp.so.595.58.03
7f87a7242000-7f87a8671000 r--p 04242000 103:07 16038945                  /usr/lib/libnvidia-gpucomp.so.595.58.03
7f87a8671000-7f87a8672000 ---p 05671000 103:07 16038945                  /usr/lib/libnvidia-gpucomp.so.595.58.03
7f87a8672000-7f87a887e000 r--p 05671000 103:07 16038945                  /usr/lib/libnvidia-gpucomp.so.595.58.03
7f87a887e000-7f87a89b8000 rw-p 0587d000 103:07 16038945                  /usr/lib/libnvidia-gpucomp.so.595.58.03
7f87a89b8000-7f87a8a64000 rw-p 00000000 00:00 0 
7f87a8a80000-7f87a8b00000 rw-s 00000000 00:06 1112                       /dev/nvidiactl
7f87a8c00000-7f87a8e39000 r--p 00000000 103:07 16038931                  /usr/lib/libnvidia-eglcore.so.595.58.03
7f87a8e39000-7f87a9acb000 r-xp 00239000 103:07 16038931                  /usr/lib/libnvidia-eglcore.so.595.58.03
7f87a9acb000-7f87aae5a000 r--p 00ecb000 103:07 16038931                  /usr/lib/libnvidia-eglcore.so.595.58.03
7f87aae5a000-7f87aafcf000 r--p 02259000 103:07 16038931                  /usr/lib/libnvidia-eglcore.so.595.58.03
7f87aafcf000-7f87ab022000 rw-p 023ce000 103:07 16038931                  /usr/lib/libnvidia-eglcore.so.595.58.03
7f87ab022000-7f87ab039000 rw-p 00000000 00:00 0 
7f87ab080000-7f87ab094000 r--s 00000000 103:07 3670352                   /var/cache/fontconfig/614d1caaa4d7914789410f6367de37ca-le64.cache-9
7f87ab094000-7f87ab097000 r--s 00000000 103:07 3674418                   /var/cache/fontconfig/f6b893a7224233d96cb72fd88691c0b4-le64.cache-9
7f87ab097000-7f87ab0a2000 r--s 00000000 103:07 3670350                   /var/cache/fontconfig/4b31aef11cb0687b6d280d34cbe23592-le64.cache-9
7f87ab0a5000-7f87ab0a7000 r--p 00000000 103:07 16420858                  /usr/lib/jvm/java-26-openjdk/lib/libverify.so
7f87ab0a7000-7f87ab0b0000 r-xp 00002000 103:07 16420858                  /usr/lib/jvm/java-26-openjdk/lib/libverify.so
7f87ab0b0000-7f87ab0b2000 r--p 0000b000 103:07 16420858                  /usr/lib/jvm/java-26-openjdk/lib/libverify.so
7f87ab0b2000-7f87ab0b4000 r--p 0000c000 103:07 16420858                  /usr/lib/jvm/java-26-openjdk/lib/libverify.so
7f87ab0b4000-7f87ab0b5000 rw-p 0000e000 103:07 16420858                  /usr/lib/jvm/java-26-openjdk/lib/libverify.so
7f87ab0b5000-7f87ab135000 rw-s 00000000 00:06 1112                       /dev/nvidiactl
7f87ab135000-7f87ab175000 rw-s 00000000 00:06 1112                       /dev/nvidiactl
7f87ab175000-7f87ab195000 rw-s 00000000 00:06 1112                       /dev/nvidiactl
7f87ab195000-7f87ab215000 rw-s 00000000 00:06 1116                       /dev/nvidia0
7f87ab215000-7f87ab217000 r--p 00000000 103:07 16029484                  /usr/lib/libdatrie.so.1.4.1
7f87ab217000-7f87ab21b000 r-xp 00002000 103:07 16029484                  /usr/lib/libdatrie.so.1.4.1
7f87ab21b000-7f87ab21c000 r--p 00006000 103:07 16029484                  /usr/lib/libdatrie.so.1.4.1
7f87ab21c000-7f87ab21d000 r--p 00006000 103:07 16029484                  /usr/lib/libdatrie.so.1.4.1
7f87ab21d000-7f87ab21e000 rw-p 00007000 103:07 16029484                  /usr/lib/libdatrie.so.1.4.1
7f87ab21e000-7f87ab223000 r--p 00000000 103:07 15998350                  /usr/lib/libblkid.so.1.1.0
7f87ab223000-7f87ab24a000 r-xp 00005000 103:07 15998350                  /usr/lib/libblkid.so.1.1.0
7f87ab24a000-7f87ab253000 r--p 0002c000 103:07 15998350                  /usr/lib/libblkid.so.1.1.0
7f87ab253000-7f87ab259000 r--p 00035000 103:07 15998350                  /usr/lib/libblkid.so.1.1.0
7f87ab259000-7f87ab25a000 rw-p 0003b000 103:07 15998350                  /usr/lib/libblkid.so.1.1.0
7f87ab25a000-7f87ab25b000 r--p 00000000 103:07 16012223                  /usr/lib/libbrotlicommon.so.1.2.0
7f87ab25b000-7f87ab25c000 r-xp 00001000 103:07 16012223                  /usr/lib/libbrotlicommon.so.1.2.0
7f87ab25c000-7f87ab27b000 r--p 00002000 103:07 16012223                  /usr/lib/libbrotlicommon.so.1.2.0
7f87ab27b000-7f87ab27c000 r--p 00021000 103:07 16012223                  /usr/lib/libbrotlicommon.so.1.2.0
7f87ab27c000-7f87ab27d000 rw-p 00022000 103:07 16012223                  /usr/lib/libbrotlicommon.so.1.2.0
7f87ab282000-7f87ab2c2000 rw-s 00000000 00:06 1112                       /dev/nvidiactl
7f87ab2c2000-7f87ab2e2000 rw-s 00000000 00:06 1112                       /dev/nvidiactl
7f87ab2e2000-7f87ab2e4000 r--p 00000000 103:07 15995022                  /usr/lib/libgraphite2.so.3.2.1
7f87ab2e4000-7f87ab2fd000 r-xp 00002000 103:07 15995022                  /usr/lib/libgraphite2.so.3.2.1
7f87ab2fd000-7f87ab302000 r--p 0001b000 103:07 15995022                  /usr/lib/libgraphite2.so.3.2.1
7f87ab302000-7f87ab304000 r--p 0001f000 103:07 15995022                  /usr/lib/libgraphite2.so.3.2.1
7f87ab304000-7f87ab305000 rw-p 00021000 103:07 15995022                  /usr/lib/libgraphite2.so.3.2.1
7f87ab305000-7f87ab307000 r--p 00000000 103:07 16029490                  /usr/lib/libthai.so.0.3.2
7f87ab307000-7f87ab30b000 r-xp 00002000 103:07 16029490                  /usr/lib/libthai.so.0.3.2
7f87ab30b000-7f87ab30e000 r--p 00006000 103:07 16029490                  /usr/lib/libthai.so.0.3.2
7f87ab30e000-7f87ab30f000 r--p 00008000 103:07 16029490                  /usr/lib/libthai.so.0.3.2
7f87ab30f000-7f87ab310000 rw-p 00009000 103:07 16029490                  /usr/lib/libthai.so.0.3.2
7f87ab310000-7f87ab31a000 r--p 00000000 103:07 15998362                  /usr/lib/libmount.so.1.1.0
7f87ab31a000-7f87ab356000 r-xp 0000a000 103:07 15998362                  /usr/lib/libmount.so.1.1.0
7f87ab356000-7f87ab365000 r--p 00046000 103:07 15998362                  /usr/lib/libmount.so.1.1.0
7f87ab365000-7f87ab367000 r--p 00055000 103:07 15998362                  /usr/lib/libmount.so.1.1.0
7f87ab367000-7f87ab368000 rw-p 00057000 103:07 15998362                  /usr/lib/libmount.so.1.1.0
7f87ab368000-7f87ab36a000 r--p 00000000 103:07 16025290                  /usr/lib/libXdmcp.so.6.0.0
7f87ab36a000-7f87ab36c000 r-xp 00002000 103:07 16025290                  /usr/lib/libXdmcp.so.6.0.0
7f87ab36c000-7f87ab36e000 r--p 00004000 103:07 16025290                  /usr/lib/libXdmcp.so.6.0.0
7f87ab36e000-7f87ab36f000 r--p 00005000 103:07 16025290                  /usr/lib/libXdmcp.so.6.0.0
7f87ab36f000-7f87ab370000 rw-p 00006000 103:07 16025290                  /usr/lib/libXdmcp.so.6.0.0
7f87ab370000-7f87ab371000 r--p 00000000 103:07 16025293                  /usr/lib/libXau.so.6.0.0
7f87ab371000-7f87ab372000 r-xp 00001000 103:07 16025293                  /usr/lib/libXau.so.6.0.0
7f87ab372000-7f87ab373000 r--p 00002000 103:07 16025293                  /usr/lib/libXau.so.6.0.0
7f87ab373000-7f87ab374000 r--p 00002000 103:07 16025293                  /usr/lib/libXau.so.6.0.0
7f87ab374000-7f87ab375000 rw-p 00003000 103:07 16025293                  /usr/lib/libXau.so.6.0.0
7f87ab375000-7f87ab376000 r--p 00000000 103:07 16012226                  /usr/lib/libbrotlidec.so.1.2.0
7f87ab376000-7f87ab37f000 r-xp 00001000 103:07 16012226                  /usr/lib/libbrotlidec.so.1.2.0
7f87ab37f000-7f87ab382000 r--p 0000a000 103:07 16012226                  /usr/lib/libbrotlidec.so.1.2.0
7f87ab382000-7f87ab383000 r--p 0000c000 103:07 16012226                  /usr/lib/libbrotlidec.so.1.2.0
7f87ab383000-7f87ab384000 rw-p 0000d000 103:07 16012226                  /usr/lib/libbrotlidec.so.1.2.0
7f87ab384000-7f87ab386000 r--p 00000000 103:07 16008529                  /usr/lib/libbz2.so.1.0.8
7f87ab386000-7f87ab393000 r-xp 00002000 103:07 16008529                  /usr/lib/libbz2.so.1.0.8
7f87ab393000-7f87ab395000 r--p 0000f000 103:07 16008529                  /usr/lib/libbz2.so.1.0.8
7f87ab395000-7f87ab396000 r--p 00010000 103:07 16008529                  /usr/lib/libbz2.so.1.0.8
7f87ab396000-7f87ab397000 rw-p 00011000 103:07 16008529                  /usr/lib/libbz2.so.1.0.8
7f87ab397000-7f87ab399000 r--p 00000000 103:07 16016017                  /usr/lib/libexpat.so.1.11.3
7f87ab399000-7f87ab3b7000 r-xp 00002000 103:07 16016017                  /usr/lib/libexpat.so.1.11.3
7f87ab3b7000-7f87ab3bf000 r--p 00020000 103:07 16016017                  /usr/lib/libexpat.so.1.11.3
7f87ab3bf000-7f87ab3c1000 r--p 00028000 103:07 16016017                  /usr/lib/libexpat.so.1.11.3
7f87ab3c1000-7f87ab3c2000 rw-p 0002a000 103:07 16016017                  /usr/lib/libexpat.so.1.11.3
7f87ab3c2000-7f87ab3c5000 r--p 00000000 103:07 16008781                  /usr/lib/libpcre2-8.so.0.15.0
7f87ab3c5000-7f87ab443000 r-xp 00003000 103:07 16008781                  /usr/lib/libpcre2-8.so.0.15.0
7f87ab443000-7f87ab46e000 r--p 00081000 103:07 16008781                  /usr/lib/libpcre2-8.so.0.15.0
7f87ab46e000-7f87ab46f000 r--p 000ab000 103:07 16008781                  /usr/lib/libpcre2-8.so.0.15.0
7f87ab46f000-7f87ab470000 rw-p 000ac000 103:07 16008781                  /usr/lib/libpcre2-8.so.0.15.0
7f87ab470000-7f87ab474000 rw-s 00000000 00:06 1112                       /dev/nvidiactl
7f87ab474000-7f87ab487000 rw-s 00000000 00:06 1112                       /dev/nvidiactl
7f87ab487000-7f87ab4c7000 rw-s 00000000 00:06 1112                       /dev/nvidiactl
7f87ab4e7000-7f87ab4f7000 rw-s 00000000 00:06 1116                       /dev/nvidia0
7f87ab4f7000-7f87ab504000 r--p 00000000 103:07 15995115                  /usr/lib/libncursesw.so.6.6
7f87ab504000-7f87ab54c000 r-xp 0000d000 103:07 15995115                  /usr/lib/libncursesw.so.6.6
7f87ab54c000-7f87ab562000 r--p 00055000 103:07 15995115                  /usr/lib/libncursesw.so.6.6
7f87ab562000-7f87ab567000 r--p 0006a000 103:07 15995115                  /usr/lib/libncursesw.so.6.6
7f87ab567000-7f87ab568000 rw-p 0006f000 103:07 15995115                  /usr/lib/libncursesw.so.6.6
7f87ab568000-7f87ab56a000 r--p 00000000 103:07 16030897                  /usr/lib/libpciaccess.so.0.11.1
7f87ab56a000-7f87ab56f000 r-xp 00002000 103:07 16030897                  /usr/lib/libpciaccess.so.0.11.1
7f87ab56f000-7f87ab571000 r--p 00007000 103:07 16030897                  /usr/lib/libpciaccess.so.0.11.1
7f87ab571000-7f87ab572000 r--p 00008000 103:07 16030897                  /usr/lib/libpciaccess.so.0.11.1
7f87ab572000-7f87ab573000 rw-p 00009000 103:07 16030897                  /usr/lib/libpciaccess.so.0.11.1
7f87ab573000-7f87ab58d000 r--p 00000000 103:07 16009757                  /usr/lib/libxml2.so.16.1.2
7f87ab58d000-7f87ab660000 r-xp 0001a000 103:07 16009757                  /usr/lib/libxml2.so.16.1.2
7f87ab660000-7f87ab69d000 r--p 000ed000 103:07 16009757                  /usr/lib/libxml2.so.16.1.2
7f87ab69d000-7f87ab6a6000 r--p 0012a000 103:07 16009757                  /usr/lib/libxml2.so.16.1.2
7f87ab6a6000-7f87ab6a7000 rw-p 00133000 103:07 16009757                  /usr/lib/libxml2.so.16.1.2
7f87ab6a7000-7f87ab6a8000 rw-p 00000000 00:00 0 
7f87ab6a8000-7f87ab6ae000 r--p 00000000 103:07 16030968                  /usr/lib/libedit.so.0.0.76
7f87ab6ae000-7f87ab6ce000 r-xp 00006000 103:07 16030968                  /usr/lib/libedit.so.0.0.76
7f87ab6ce000-7f87ab6db000 r--p 00026000 103:07 16030968                  /usr/lib/libedit.so.0.0.76
7f87ab6db000-7f87ab6dd000 r--p 00033000 103:07 16030968                  /usr/lib/libedit.so.0.0.76
7f87ab6dd000-7f87ab6de000 rw-p 00035000 103:07 16030968                  /usr/lib/libedit.so.0.0.76
7f87ab6de000-7f87ab6e1000 rw-p 00000000 00:00 0 
7f87ab6e1000-7f87ab6e4000 r--p 00000000 103:07 16030915                  /usr/lib/libdrm_intel.so.1.131.0
7f87ab6e4000-7f87ab6fb000 r-xp 00003000 103:07 16030915                  /usr/lib/libdrm_intel.so.1.131.0
7f87ab6fb000-7f87ab704000 r--p 0001a000 103:07 16030915                  /usr/lib/libdrm_intel.so.1.131.0
7f87ab704000-7f87ab705000 r--p 00023000 103:07 16030915                  /usr/lib/libdrm_intel.so.1.131.0
7f87ab705000-7f87ab706000 rw-p 00024000 103:07 16030915                  /usr/lib/libdrm_intel.so.1.131.0
7f87ab706000-7f87ab709000 r--p 00000000 103:07 16030912                  /usr/lib/libdrm_amdgpu.so.1.131.0
7f87ab709000-7f87ab70f000 r-xp 00003000 103:07 16030912                  /usr/lib/libdrm_amdgpu.so.1.131.0
7f87ab70f000-7f87ab711000 r--p 00009000 103:07 16030912                  /usr/lib/libdrm_amdgpu.so.1.131.0
7f87ab711000-7f87ab712000 r--p 0000a000 103:07 16030912                  /usr/lib/libdrm_amdgpu.so.1.131.0
7f87ab712000-7f87ab713000 rw-p 0000b000 103:07 16030912                  /usr/lib/libdrm_amdgpu.so.1.131.0
7f87ab713000-7f87ab716000 r--p 00000000 103:07 16016905                  /usr/lib/libelf-0.194.so
7f87ab716000-7f87ab729000 r-xp 00003000 103:07 16016905                  /usr/lib/libelf-0.194.so
7f87ab729000-7f87ab72d000 r--p 00016000 103:07 16016905                  /usr/lib/libelf-0.194.so
7f87ab72d000-7f87ab72e000 r--p 0001a000 103:07 16016905                  /usr/lib/libelf-0.194.so
7f87ab72e000-7f87ab72f000 rw-p 0001b000 103:07 16016905                  /usr/lib/libelf-0.194.so
7f87ab72f000-7f87ab731000 r--p 00000000 103:07 16029150                  /usr/lib/libfribidi.so.0.4.0
7f87ab731000-7f87ab736000 r-xp 00002000 103:07 16029150                  /usr/lib/libfribidi.so.0.4.0
7f87ab736000-7f87ab74d000 r--p 00007000 103:07 16029150                  /usr/lib/libfribidi.so.0.4.0
7f87ab74d000-7f87ab74e000 r--p 0001d000 103:07 16029150                  /usr/lib/libfribidi.so.0.4.0
7f87ab74e000-7f87ab74f000 rw-p 0001e000 103:07 16029150                  /usr/lib/libfribidi.so.0.4.0
7f87ab74f000-7f87ab75c000 r--p 00000000 103:07 16029469                  /usr/lib/libharfbuzz.so.0.61410.0
7f87ab75c000-7f87ab84c000 r-xp 0000d000 103:07 16029469                  /usr/lib/libharfbuzz.so.0.61410.0
7f87ab84c000-7f87ab87c000 r--p 000fd000 103:07 16029469                  /usr/lib/libharfbuzz.so.0.61410.0
7f87ab87c000-7f87ab87e000 r--p 0012c000 103:07 16029469                  /usr/lib/libharfbuzz.so.0.61410.0
7f87ab87e000-7f87ab87f000 rw-p 0012e000 103:07 16029469                  /usr/lib/libharfbuzz.so.0.61410.0
7f87ab87f000-7f87ab88d000 r--p 00000000 103:07 16029586                  /usr/lib/libpango-1.0.so.0.5701.0
7f87ab88d000-7f87ab8cb000 r-xp 0000e000 103:07 16029586                  /usr/lib/libpango-1.0.so.0.5701.0
7f87ab8cb000-7f87ab8e5000 r--p 0004c000 103:07 16029586                  /usr/lib/libpango-1.0.so.0.5701.0
7f87ab8e5000-7f87ab8e9000 r--p 00065000 103:07 16029586                  /usr/lib/libpango-1.0.so.0.5701.0
7f87ab8e9000-7f87ab8ea000 rw-p 00069000 103:07 16029586                  /usr/lib/libpango-1.0.so.0.5701.0
7f87ab8ea000-7f87ab91c000 r--p 00000000 103:07 16014999                  /usr/lib/libgio-2.0.so.0.8800.0
7f87ab91c000-7f87aba3b000 r-xp 00032000 103:07 16014999                  /usr/lib/libgio-2.0.so.0.8800.0
7f87aba3b000-7f87abab1000 r--p 00151000 103:07 16014999                  /usr/lib/libgio-2.0.so.0.8800.0
7f87abab1000-7f87ababa000 r--p 001c6000 103:07 16014999                  /usr/lib/libgio-2.0.so.0.8800.0
7f87ababa000-7f87ababb000 rw-p 001cf000 103:07 16014999                  /usr/lib/libgio-2.0.so.0.8800.0
7f87ababb000-7f87ababd000 rw-p 00000000 00:00 0 
7f87ababd000-7f87abad2000 r--p 00000000 103:07 16006738                  /usr/lib/libsystemd.so.0.43.0
7f87abad2000-7f87abb98000 r-xp 00015000 103:07 16006738                  /usr/lib/libsystemd.so.0.43.0
7f87abb98000-7f87abbdc000 r--p 000db000 103:07 16006738                  /usr/lib/libsystemd.so.0.43.0
7f87abbdc000-7f87abbe5000 r--p 0011f000 103:07 16006738                  /usr/lib/libsystemd.so.0.43.0
7f87abbe5000-7f87abbe6000 rw-p 00128000 103:07 16006738                  /usr/lib/libsystemd.so.0.43.0
7f87abbe6000-7f87abbe7000 rw-p 00000000 00:00 0 
7f87abbe7000-7f87abbec000 r--p 00000000 103:07 16029110                  /usr/lib/libpixman-1.so.0.46.4
7f87abbec000-7f87abc7d000 r-xp 00005000 103:07 16029110                  /usr/lib/libpixman-1.so.0.46.4
7f87abc7d000-7f87abc8d000 r--p 00096000 103:07 16029110                  /usr/lib/libpixman-1.so.0.46.4
7f87abc8d000-7f87abc95000 r--p 000a6000 103:07 16029110                  /usr/lib/libpixman-1.so.0.46.4
7f87abc95000-7f87abc96000 rw-p 000ae000 103:07 16029110                  /usr/lib/libpixman-1.so.0.46.4
7f87abc96000-7f87abcad000 r--p 00000000 103:07 16027722                  /usr/lib/libX11.so.6.4.0
7f87abcad000-7f87abd42000 r-xp 00017000 103:07 16027722                  /usr/lib/libX11.so.6.4.0
7f87abd42000-7f87abdd1000 r--p 000ac000 103:07 16027722                  /usr/lib/libX11.so.6.4.0
7f87abdd1000-7f87abdd4000 r--p 0013a000 103:07 16027722                  /usr/lib/libX11.so.6.4.0
7f87abdd4000-7f87abdd8000 rw-p 0013d000 103:07 16027722                  /usr/lib/libX11.so.6.4.0
7f87abdd8000-7f87abdde000 r--p 00000000 103:07 16028838                  /usr/lib/libfreetype.so.6.20.6
7f87abdde000-7f87abe76000 r-xp 00006000 103:07 16028838                  /usr/lib/libfreetype.so.6.20.6
7f87abe76000-7f87abe9f000 r--p 0009e000 103:07 16028838                  /usr/lib/libfreetype.so.6.20.6
7f87abe9f000-7f87abea7000 r--p 000c6000 103:07 16028838                  /usr/lib/libfreetype.so.6.20.6
7f87abea7000-7f87abea8000 rw-p 000ce000 103:07 16028838                  /usr/lib/libfreetype.so.6.20.6
7f87abea8000-7f87abec6000 r--p 00000000 103:07 16015009                  /usr/lib/libglib-2.0.so.0.8800.0
7f87abec6000-7f87abf6d000 r-xp 0001e000 103:07 16015009                  /usr/lib/libglib-2.0.so.0.8800.0
7f87abf6d000-7f87abffd000 r--p 000c5000 103:07 16015009                  /usr/lib/libglib-2.0.so.0.8800.0
7f87abffd000-7f87abffe000 r--p 00155000 103:07 16015009                  /usr/lib/libglib-2.0.so.0.8800.0
7f87abffe000-7f87abfff000 rw-p 00156000 103:07 16015009                  /usr/lib/libglib-2.0.so.0.8800.0
7f87abfff000-7f87ac021000 rw-p 00000000 00:00 0 
7f87ac021000-7f87b0000000 ---p 00000000 00:00 0 
7f87b0000000-7f87b0021000 rw-p 00000000 00:00 0 
7f87b0021000-7f87b4000000 ---p 00000000 00:00 0 
7f87b4000000-7f87b4021000 rw-p 00000000 00:00 0 
7f87b4021000-7f87b8000000 ---p 00000000 00:00 0 
7f87b8000000-7f87b8021000 rw-p 00000000 00:00 0 
7f87b8021000-7f87bc000000 ---p 00000000 00:00 0 
7f87bc000000-7f87bc7d1000 rw-p 00000000 00:00 0 
7f87bc7d1000-7f87c0000000 ---p 00000000 00:00 0 
7f87c0000000-7f87c0021000 rw-p 00000000 00:00 0 
7f87c0021000-7f87c4000000 ---p 00000000 00:00 0 
7f87c4000000-7f87c4021000 rw-p 00000000 00:00 0 
7f87c4021000-7f87c8000000 ---p 00000000 00:00 0 
7f87c8000000-7f87c8f80000 rw-p 00000000 00:00 0 
7f87c8f80000-7f87cc000000 ---p 00000000 00:00 0 
7f87cc000000-7f87cc021000 rw-p 00000000 00:00 0 
7f87cc021000-7f87d0000000 ---p 00000000 00:00 0 
7f87d0000000-7f87d0021000 rw-p 00000000 00:00 0 
7f87d0021000-7f87d4000000 ---p 00000000 00:00 0 
7f87d4000000-7f87d4370000 rw-p 00000000 00:00 0 
7f87d4370000-7f87d4400000 ---p 00000000 00:00 0 
7f87d4400000-7f87d4a10000 rw-p 00000000 00:00 0 
7f87d4a10000-7f87d8000000 ---p 00000000 00:00 0 
7f87d8000000-7f87d8021000 rw-p 00000000 00:00 0 
7f87d8021000-7f87dc000000 ---p 00000000 00:00 0 
7f87dc000000-7f87dc021000 rw-p 00000000 00:00 0 
7f87dc021000-7f87e0000000 ---p 00000000 00:00 0 
7f87e0000000-7f87e0941000 rw-p 00000000 00:00 0 
7f87e0941000-7f87e4000000 ---p 00000000 00:00 0 
7f87e4000000-7f87e4021000 rw-p 00000000 00:00 0 
7f87e4021000-7f87e8000000 ---p 00000000 00:00 0 
7f87e8000000-7f87e8021000 rw-p 00000000 00:00 0 
7f87e8021000-7f87ec000000 ---p 00000000 00:00 0 
7f87ec000000-7f87ec021000 rw-p 00000000 00:00 0 
7f87ec021000-7f87f0000000 ---p 00000000 00:00 0 
7f87f0000000-7f87f0021000 rw-p 00000000 00:00 0 
7f87f0021000-7f87f4000000 ---p 00000000 00:00 0 
7f87f4000000-7f87f4021000 rw-p 00000000 00:00 0 
7f87f4021000-7f87f8000000 ---p 00000000 00:00 0 
7f87f8000000-7f87f8001000 rw-p 00000000 00:00 0 
7f87f8001000-7f87f8005000 rw-s 00000000 00:06 1112                       /dev/nvidiactl
7f87f8005000-7f87f8008000 r--p 00000000 103:07 16025351                  /usr/lib/libxcb-sync.so.1.0.0
7f87f8008000-7f87f800b000 r-xp 00003000 103:07 16025351                  /usr/lib/libxcb-sync.so.1.0.0
7f87f800b000-7f87f800c000 r--p 00006000 103:07 16025351                  /usr/lib/libxcb-sync.so.1.0.0
7f87f800c000-7f87f800d000 r--p 00007000 103:07 16025351                  /usr/lib/libxcb-sync.so.1.0.0
7f87f800d000-7f87f800e000 rw-p 00008000 103:07 16025351                  /usr/lib/libxcb-sync.so.1.0.0
7f87f800e000-7f87f8010000 r--p 00000000 103:07 16031032                  /usr/lib/libsensors.so.5.0.0
7f87f8010000-7f87f8018000 r-xp 00002000 103:07 16031032                  /usr/lib/libsensors.so.5.0.0
7f87f8018000-7f87f801c000 r--p 0000a000 103:07 16031032                  /usr/lib/libsensors.so.5.0.0
7f87f801c000-7f87f801d000 r--p 0000e000 103:07 16031032                  /usr/lib/libsensors.so.5.0.0
7f87f801d000-7f87f801e000 rw-p 0000f000 103:07 16031032                  /usr/lib/libsensors.so.5.0.0
7f87f801e000-7f87f8026000 r--p 00000000 103:07 16029594                  /usr/lib/libpangoft2-1.0.so.0.5701.0
7f87f8026000-7f87f8035000 r-xp 00008000 103:07 16029594                  /usr/lib/libpangoft2-1.0.so.0.5701.0
7f87f8035000-7f87f803a000 r--p 00017000 103:07 16029594                  /usr/lib/libpangoft2-1.0.so.0.5701.0
7f87f803a000-7f87f803b000 r--p 0001c000 103:07 16029594                  /usr/lib/libpangoft2-1.0.so.0.5701.0
7f87f803b000-7f87f803c000 rw-p 0001d000 103:07 16029594                  /usr/lib/libpangoft2-1.0.so.0.5701.0
7f87f803c000-7f87f8041000 r--p 00000000 103:07 16029590                  /usr/lib/libpangocairo-1.0.so.0.5701.0
7f87f8041000-7f87f8049000 r-xp 00005000 103:07 16029590                  /usr/lib/libpangocairo-1.0.so.0.5701.0
7f87f8049000-7f87f804b000 r--p 0000d000 103:07 16029590                  /usr/lib/libpangocairo-1.0.so.0.5701.0
7f87f804b000-7f87f804c000 r--p 0000f000 103:07 16029590                  /usr/lib/libpangocairo-1.0.so.0.5701.0
7f87f804c000-7f87f804d000 rw-p 00010000 103:07 16029590                  /usr/lib/libpangocairo-1.0.so.0.5701.0
7f87f804d000-7f87f8053000 r--p 00000000 103:07 16025336                  /usr/lib/libxcb-render.so.0.0.0
7f87f8053000-7f87f8058000 r-xp 00006000 103:07 16025336                  /usr/lib/libxcb-render.so.0.0.0
7f87f8058000-7f87f805a000 r--p 0000b000 103:07 16025336                  /usr/lib/libxcb-render.so.0.0.0
7f87f805a000-7f87f805b000 r--p 0000d000 103:07 16025336                  /usr/lib/libxcb-render.so.0.0.0
7f87f805b000-7f87f805c000 rw-p 0000e000 103:07 16025336                  /usr/lib/libxcb-render.so.0.0.0
7f87f805c000-7f87f8068000 r--p 00000000 103:07 16025378                  /usr/lib/libxcb.so.1.1.0
7f87f8068000-7f87f807c000 r-xp 0000c000 103:07 16025378                  /usr/lib/libxcb.so.1.1.0
7f87f807c000-7f87f8085000 r--p 00020000 103:07 16025378                  /usr/lib/libxcb.so.1.1.0
7f87f8085000-7f87f8086000 r--p 00028000 103:07 16025378                  /usr/lib/libxcb.so.1.1.0
7f87f8086000-7f87f8087000 rw-p 00029000 103:07 16025378                  /usr/lib/libxcb.so.1.1.0
7f87f8087000-7f87f808d000 r--p 00000000 103:07 16028851                  /usr/lib/libfontconfig.so.1.16.0
7f87f808d000-7f87f80be000 r-xp 00006000 103:07 16028851                  /usr/lib/libfontconfig.so.1.16.0
7f87f80be000-7f87f80d5000 r--p 00037000 103:07 16028851                  /usr/lib/libfontconfig.so.1.16.0
7f87f80d5000-7f87f80d7000 r--p 0004d000 103:07 16028851                  /usr/lib/libfontconfig.so.1.16.0
7f87f80d7000-7f87f80d8000 rw-p 0004f000 103:07 16028851                  /usr/lib/libfontconfig.so.1.16.0
7f87f80d8000-7f87f80de000 r--p 00000000 103:07 16028830                  /usr/lib/libpng16.so.16.58.0
7f87f80de000-7f87f8108000 r-xp 00006000 103:07 16028830                  /usr/lib/libpng16.so.16.58.0
7f87f8108000-7f87f8111000 r--p 00030000 103:07 16028830                  /usr/lib/libpng16.so.16.58.0
7f87f8111000-7f87f8112000 r--p 00039000 103:07 16028830                  /usr/lib/libpng16.so.16.58.0
7f87f8112000-7f87f8113000 rw-p 0003a000 103:07 16028830                  /usr/lib/libpng16.so.16.58.0
7f87f8113000-7f87f8115000 rw-s 00000000 00:06 1112                       /dev/nvidiactl
7f87f8115000-7f87f8116000 r--p 00000000 103:07 16030935                  /usr/lib/libxshmfence.so.1.0.0
7f87f8116000-7f87f8117000 r-xp 00001000 103:07 16030935                  /usr/lib/libxshmfence.so.1.0.0
7f87f8117000-7f87f8118000 r--p 00002000 103:07 16030935                  /usr/lib/libxshmfence.so.1.0.0
7f87f8118000-7f87f8119000 r--p 00002000 103:07 16030935                  /usr/lib/libxshmfence.so.1.0.0
7f87f8119000-7f87f811a000 rw-p 00003000 103:07 16030935                  /usr/lib/libxshmfence.so.1.0.0
7f87f811a000-7f87f812f000 r--p 00000000 103:07 16031069                  /usr/lib/libSPIRV-Tools.so
7f87f812f000-7f87f824e000 r-xp 00015000 103:07 16031069                  /usr/lib/libSPIRV-Tools.so
7f87f824e000-7f87f82c9000 r--p 00134000 103:07 16031069                  /usr/lib/libSPIRV-Tools.so
7f87f82c9000-7f87f82cc000 r--p 001ae000 103:07 16031069                  /usr/lib/libSPIRV-Tools.so
7f87f82cc000-7f87f82cd000 rw-p 001b1000 103:07 16031069                  /usr/lib/libSPIRV-Tools.so
7f87f82cd000-7f87f82d9000 r--p 00000000 103:07 16006697                  /usr/lib/libzstd.so.1.5.7
7f87f82d9000-7f87f83a0000 r-xp 0000c000 103:07 16006697                  /usr/lib/libzstd.so.1.5.7
7f87f83a0000-7f87f83b1000 r--p 000d3000 103:07 16006697                  /usr/lib/libzstd.so.1.5.7
7f87f83b1000-7f87f83b2000 r--p 000e4000 103:07 16006697                  /usr/lib/libzstd.so.1.5.7
7f87f83b2000-7f87f83b3000 rw-p 000e5000 103:07 16006697                  /usr/lib/libzstd.so.1.5.7
7f87f83b3000-7f87f83b6000 r--p 00000000 103:07 16025357                  /usr/lib/libxcb-xfixes.so.0.0.0
7f87f83b6000-7f87f83b9000 r-xp 00003000 103:07 16025357                  /usr/lib/libxcb-xfixes.so.0.0.0
7f87f83b9000-7f87f83ba000 r--p 00006000 103:07 16025357                  /usr/lib/libxcb-xfixes.so.0.0.0
7f87f83ba000-7f87f83bb000 r--p 00007000 103:07 16025357                  /usr/lib/libxcb-xfixes.so.0.0.0
7f87f83bb000-7f87f83bc000 rw-p 00008000 103:07 16025357                  /usr/lib/libxcb-xfixes.so.0.0.0
7f87f83bc000-7f87f83c3000 r--p 00000000 103:07 16025330                  /usr/lib/libxcb-randr.so.0.1.0
7f87f83c3000-7f87f83c9000 r-xp 00007000 103:07 16025330                  /usr/lib/libxcb-randr.so.0.1.0
7f87f83c9000-7f87f83cc000 r--p 0000d000 103:07 16025330                  /usr/lib/libxcb-randr.so.0.1.0
7f87f83cc000-7f87f83cd000 r--p 00010000 103:07 16025330                  /usr/lib/libxcb-randr.so.0.1.0
7f87f83cd000-7f87f83ce000 rw-p 00011000 103:07 16025330                  /usr/lib/libxcb-randr.so.0.1.0
7f87f83ce000-7f87f83d5000 r--p 00000000 103:07 16031107                  /usr/lib/libEGL_mesa.so.0.0.0
7f87f83d5000-7f87f8413000 r-xp 00007000 103:07 16031107                  /usr/lib/libEGL_mesa.so.0.0.0
7f87f8413000-7f87f8427000 r--p 00045000 103:07 16031107                  /usr/lib/libEGL_mesa.so.0.0.0
7f87f8427000-7f87f8434000 r--p 00058000 103:07 16031107                  /usr/lib/libEGL_mesa.so.0.0.0
7f87f8434000-7f87f8435000 rw-p 00065000 103:07 16031107                  /usr/lib/libEGL_mesa.so.0.0.0
7f87f8435000-7f87f8436000 rw-p 00000000 00:00 0 
7f87f8436000-7f87f8437000 r--p 00000000 103:07 16027718                  /usr/lib/libX11-xcb.so.1.0.0
7f87f8437000-7f87f8438000 r-xp 00001000 103:07 16027718                  /usr/lib/libX11-xcb.so.1.0.0
7f87f8438000-7f87f8439000 r--p 00002000 103:07 16027718                  /usr/lib/libX11-xcb.so.1.0.0
7f87f8439000-7f87f843a000 r--p 00002000 103:07 16027718                  /usr/lib/libX11-xcb.so.1.0.0
7f87f843a000-7f87f843b000 rw-p 00003000 103:07 16027718                  /usr/lib/libX11-xcb.so.1.0.0
7f87f844f000-7f87f8451000 r--p 00000000 103:07 16025321                  /usr/lib/libxcb-dri3.so.0.1.0
7f87f8451000-7f87f8453000 r-xp 00002000 103:07 16025321                  /usr/lib/libxcb-dri3.so.0.1.0
7f87f8453000-7f87f8454000 r--p 00004000 103:07 16025321                  /usr/lib/libxcb-dri3.so.0.1.0
7f87f8454000-7f87f8455000 r--p 00004000 103:07 16025321                  /usr/lib/libxcb-dri3.so.0.1.0
7f87f8455000-7f87f8456000 rw-p 00005000 103:07 16025321                  /usr/lib/libxcb-dri3.so.0.1.0
7f87f8456000-7f87f8457000 r--p 00000000 103:07 16025327                  /usr/lib/libxcb-present.so.0.0.0
7f87f8457000-7f87f8458000 r-xp 00001000 103:07 16025327                  /usr/lib/libxcb-present.so.0.0.0
7f87f8458000-7f87f8459000 r--p 00002000 103:07 16025327                  /usr/lib/libxcb-present.so.0.0.0
7f87f8459000-7f87f845a000 r--p 00002000 103:07 16025327                  /usr/lib/libxcb-present.so.0.0.0
7f87f845a000-7f87f845b000 rw-p 00003000 103:07 16025327                  /usr/lib/libxcb-present.so.0.0.0
7f87f8498000-7f87f849d000 r--p 00000000 103:07 16030909                  /usr/lib/libdrm.so.2.131.0
7f87f849d000-7f87f84a9000 r-xp 00005000 103:07 16030909                  /usr/lib/libdrm.so.2.131.0
7f87f84a9000-7f87f84ad000 r--p 00011000 103:07 16030909                  /usr/lib/libdrm.so.2.131.0
7f87f84ad000-7f87f84ae000 r--p 00015000 103:07 16030909                  /usr/lib/libdrm.so.2.131.0
7f87f84ae000-7f87f84af000 rw-p 00016000 103:07 16030909                  /usr/lib/libdrm.so.2.131.0
7f87f84c4000-7f87f84d4000 r--p 00000000 103:07 16038941                  /usr/lib/libnvidia-glsi.so.595.58.03
7f87f84d4000-7f87f8534000 r-xp 00010000 103:07 16038941                  /usr/lib/libnvidia-glsi.so.595.58.03
7f87f8534000-7f87f8551000 r--p 00070000 103:07 16038941                  /usr/lib/libnvidia-glsi.so.595.58.03
7f87f8551000-7f87f8557000 r--p 0008c000 103:07 16038941                  /usr/lib/libnvidia-glsi.so.595.58.03
7f87f8557000-7f87f8558000 rw-p 00092000 103:07 16038941                  /usr/lib/libnvidia-glsi.so.595.58.03
7f87f8558000-7f87f8560000 rw-p 00000000 00:00 0 
7f87f8560000-7f87f8594000 r--p 00000000 103:07 16038903                  /usr/lib/libEGL_nvidia.so.595.58.03
7f87f8594000-7f87f862a000 r-xp 00034000 103:07 16038903                  /usr/lib/libEGL_nvidia.so.595.58.03
7f87f862a000-7f87f867d000 r--p 000ca000 103:07 16038903                  /usr/lib/libEGL_nvidia.so.595.58.03
7f87f867d000-7f87f867e000 ---p 0011d000 103:07 16038903                  /usr/lib/libEGL_nvidia.so.595.58.03
7f87f867e000-7f87f8686000 r--p 0011d000 103:07 16038903                  /usr/lib/libEGL_nvidia.so.595.58.03
7f87f8686000-7f87f869c000 rw-p 00125000 103:07 16038903                  /usr/lib/libEGL_nvidia.so.595.58.03
7f87f869c000-7f87f86a1000 rw-p 00000000 00:00 0 
7f87f86a1000-7f87f86a3000 r--p 00000000 103:07 16031131                  /usr/lib/libGLdispatch.so.0.0.0
7f87f86a3000-7f87f86e2000 r-xp 00002000 103:07 16031131                  /usr/lib/libGLdispatch.so.0.0.0
7f87f86e2000-7f87f86f5000 r--p 00041000 103:07 16031131                  /usr/lib/libGLdispatch.so.0.0.0
7f87f86f5000-7f87f8711000 r--p 00054000 103:07 16031131                  /usr/lib/libGLdispatch.so.0.0.0
7f87f8711000-7f87f8712000 rw-p 00070000 103:07 16031131                  /usr/lib/libGLdispatch.so.0.0.0
7f87f8712000-7f87f871a000 rw-p 00000000 00:00 0 
7f87f871a000-7f87f871e000 r--p 00000000 103:07 16038924                  /usr/lib/libnvidia-allocator.so.595.58.03
7f87f871e000-7f87f8737000 r-xp 00004000 103:07 16038924                  /usr/lib/libnvidia-allocator.so.595.58.03
7f87f8737000-7f87f8742000 r--p 0001d000 103:07 16038924                  /usr/lib/libnvidia-allocator.so.595.58.03
7f87f8742000-7f87f8743000 r--p 00027000 103:07 16038924                  /usr/lib/libnvidia-allocator.so.595.58.03
7f87f8743000-7f87f8744000 rw-p 00028000 103:07 16038924                  /usr/lib/libnvidia-allocator.so.595.58.03
7f87f8744000-7f87f8745000 rw-p 00000000 00:00 0 
7f87f8745000-7f87f8835000 rw-s 00000000 00:01 87458                      /memfd:wayland-cursor (deleted)
7f87f8835000-7f87f8905000 rw-s 00000000 00:01 87457                      /memfd:wayland-cursor (deleted)
7f87f8905000-7f87f8907000 r--p 00000000 103:07 16015014                  /usr/lib/libgmodule-2.0.so.0.8800.0
7f87f8907000-7f87f8909000 r-xp 00002000 103:07 16015014                  /usr/lib/libgmodule-2.0.so.0.8800.0
7f87f8909000-7f87f890a000 r--p 00004000 103:07 16015014                  /usr/lib/libgmodule-2.0.so.0.8800.0
7f87f890a000-7f87f890b000 r--p 00004000 103:07 16015014                  /usr/lib/libgmodule-2.0.so.0.8800.0
7f87f890b000-7f87f890c000 rw-p 00005000 103:07 16015014                  /usr/lib/libgmodule-2.0.so.0.8800.0
7f87f890c000-7f87f8918000 r--p 00000000 103:07 16015018                  /usr/lib/libgobject-2.0.so.0.8800.0
7f87f8918000-7f87f894f000 r-xp 0000c000 103:07 16015018                  /usr/lib/libgobject-2.0.so.0.8800.0
7f87f894f000-7f87f8967000 r--p 00043000 103:07 16015018                  /usr/lib/libgobject-2.0.so.0.8800.0
7f87f8967000-7f87f896a000 r--p 0005b000 103:07 16015018                  /usr/lib/libgobject-2.0.so.0.8800.0
7f87f896a000-7f87f896b000 rw-p 0005e000 103:07 16015018                  /usr/lib/libgobject-2.0.so.0.8800.0
7f87f896b000-7f87f8979000 r--p 00000000 103:07 16016069                  /usr/lib/libdbus-1.so.3.38.3
7f87f8979000-7f87f89aa000 r-xp 0000e000 103:07 16016069                  /usr/lib/libdbus-1.so.3.38.3
7f87f89aa000-7f87f89bb000 r--p 0003f000 103:07 16016069                  /usr/lib/libdbus-1.so.3.38.3
7f87f89bb000-7f87f89bd000 r--p 0004f000 103:07 16016069                  /usr/lib/libdbus-1.so.3.38.3
7f87f89bd000-7f87f89be000 rw-p 00051000 103:07 16016069                  /usr/lib/libdbus-1.so.3.38.3
7f87f89be000-7f87f89cc000 r--p 00000000 103:07 16029121                  /usr/lib/libcairo.so.2.11804.4
7f87f89cc000-7f87f8abf000 r-xp 0000e000 103:07 16029121                  /usr/lib/libcairo.so.2.11804.4
7f87f8abf000-7f87f8af4000 r--p 00101000 103:07 16029121                  /usr/lib/libcairo.so.2.11804.4
7f87f8af4000-7f87f8af8000 r--p 00136000 103:07 16029121                  /usr/lib/libcairo.so.2.11804.4
7f87f8af8000-7f87f8afa000 rw-p 0013a000 103:07 16029121                  /usr/lib/libcairo.so.2.11804.4
7f87f8afa000-7f87f8afb000 rw-p 00000000 00:00 0 
7f87f8afb000-7f87f8aff000 r--p 00000000 103:07 16031335                  /usr/lib/libxkbcommon.so.0.13.1
7f87f8aff000-7f87f8b2d000 r-xp 00004000 103:07 16031335                  /usr/lib/libxkbcommon.so.0.13.1
7f87f8b2d000-7f87f8b55000 r--p 00032000 103:07 16031335                  /usr/lib/libxkbcommon.so.0.13.1
7f87f8b55000-7f87f8b57000 r--p 0005a000 103:07 16031335                  /usr/lib/libxkbcommon.so.0.13.1
7f87f8b57000-7f87f8b58000 rw-p 0005c000 103:07 16031335                  /usr/lib/libxkbcommon.so.0.13.1
7f87f8b58000-7f87f8c59000 rw-p 00000000 00:00 0 
7f87f8c59000-7f87f8c7e000 r-xp 00000000 103:07 12732669                  /home/ajdc/Documents/GitHub/cmsc137-game/lib/natives/linux/x64/libglfw.so
7f87f8c7e000-7f87f8ccd000 r--p 00025000 103:07 12732669                  /home/ajdc/Documents/GitHub/cmsc137-game/lib/natives/linux/x64/libglfw.so
7f87f8ccd000-7f87f8cd1000 r--p 00074000 103:07 12732669                  /home/ajdc/Documents/GitHub/cmsc137-game/lib/natives/linux/x64/libglfw.so
7f87f8cd1000-7f87f8cd4000 rw-p 00078000 103:07 12732669                  /home/ajdc/Documents/GitHub/cmsc137-game/lib/natives/linux/x64/libglfw.so
7f87f8cd4000-7f87f8cf7000 rw-p 00000000 00:00 0 
7f87f8cf7000-7f87f8df9000 rw-p 00000000 00:00 0 
7f87f8df9000-7f87f8dfd000 ---p 00000000 00:00 0 
7f87f8dfd000-7f87f8efa000 rw-p 00000000 00:00 0 
7f87f8efa000-7f87f8efe000 ---p 00000000 00:00 0 
7f87f8efe000-7f87f8ffb000 rw-p 00000000 00:00 0 
7f87f8ffb000-7f87f8fff000 ---p 00000000 00:00 0 
7f87f8fff000-7f87f90fc000 rw-p 00000000 00:00 0 
7f87f90fc000-7f87f9100000 ---p 00000000 00:00 0 
7f87f9100000-7f87f91fd000 rw-p 00000000 00:00 0 
7f87f91fd000-7f87f9201000 ---p 00000000 00:00 0 
7f87f9201000-7f87f92fe000 rw-p 00000000 00:00 0 
7f87f92fe000-7f87f9302000 ---p 00000000 00:00 0 
7f87f9302000-7f87f93ff000 rw-p 00000000 00:00 0 
7f87f93ff000-7f87f9403000 ---p 00000000 00:00 0 
7f87f9403000-7f87f9500000 rw-p 00000000 00:00 0 
7f87f9500000-7f87f9504000 ---p 00000000 00:00 0 
7f87f9504000-7f87f9600000 rw-p 00000000 00:00 0 
7f87f9600000-7f87f98ed000 r--p 00000000 103:07 15994581                  /usr/lib/locale/locale-archive
7f87f98ed000-7f87f98ef000 r--p 00000000 103:07 16029100                  /usr/lib/libXrender.so.1.3.0
7f87f98ef000-7f87f98f6000 r-xp 00002000 103:07 16029100                  /usr/lib/libXrender.so.1.3.0
7f87f98f6000-7f87f98f7000 r--p 00009000 103:07 16029100                  /usr/lib/libXrender.so.1.3.0
7f87f98f7000-7f87f98f8000 r--p 00009000 103:07 16029100                  /usr/lib/libXrender.so.1.3.0
7f87f98f8000-7f87f98f9000 rw-p 0000a000 103:07 16029100                  /usr/lib/libXrender.so.1.3.0
7f87f98f9000-7f87f98fa000 rw-p 00000000 00:00 0 
7f87f98fa000-7f87f98fe000 ---p 00000000 00:00 0 
7f87f98fe000-7f87f99fb000 rw-p 00000000 00:00 0 
7f87f99fb000-7f87f99ff000 ---p 00000000 00:00 0 
7f87f99ff000-7f87fa000000 rw-p 00000000 00:00 0 
7f87fa000000-7f87fc021000 rw-p 00000000 00:00 0 
7f87fc021000-7f8800000000 ---p 00000000 00:00 0 
7f8800000000-7f8800021000 rw-p 00000000 00:00 0 
7f8800021000-7f8804000000 ---p 00000000 00:00 0 
7f8804000000-7f8804001000 r--p 00000000 103:07 16025348                  /usr/lib/libxcb-shm.so.0.0.0
7f8804001000-7f8804002000 r-xp 00001000 103:07 16025348                  /usr/lib/libxcb-shm.so.0.0.0
7f8804002000-7f8804003000 r--p 00002000 103:07 16025348                  /usr/lib/libxcb-shm.so.0.0.0
7f8804003000-7f8804004000 r--p 00002000 103:07 16025348                  /usr/lib/libxcb-shm.so.0.0.0
7f8804004000-7f8804005000 rw-p 00003000 103:07 16025348                  /usr/lib/libxcb-shm.so.0.0.0
7f8804005000-7f8804006000 rw-p 00000000 00:00 0 
7f880400e000-7f8804010000 r--p 00000000 103:07 16031119                  /usr/lib/libEGL.so.1.1.0
7f8804010000-7f880401a000 r-xp 00002000 103:07 16031119                  /usr/lib/libEGL.so.1.1.0
7f880401a000-7f880401e000 r--p 0000c000 103:07 16031119                  /usr/lib/libEGL.so.1.1.0
7f880401e000-7f880401f000 r--p 0000f000 103:07 16031119                  /usr/lib/libEGL.so.1.1.0
7f880401f000-7f8804020000 rw-p 00010000 103:07 16031119                  /usr/lib/libEGL.so.1.1.0
7f8804020000-7f8804024000 r--p 00000000 103:07 16527237                  /usr/lib/libdecor/plugins-1/libdecor-cairo.so
7f8804024000-7f880402a000 r-xp 00004000 103:07 16527237                  /usr/lib/libdecor/plugins-1/libdecor-cairo.so
7f880402a000-7f880402c000 r--p 0000a000 103:07 16527237                  /usr/lib/libdecor/plugins-1/libdecor-cairo.so
7f880402c000-7f880402f000 r--p 0000b000 103:07 16527237                  /usr/lib/libdecor/plugins-1/libdecor-cairo.so
7f880402f000-7f8804030000 rw-p 0000e000 103:07 16527237                  /usr/lib/libdecor/plugins-1/libdecor-cairo.so
7f8804030000-7f88040a0000 rw-p 00000000 00:00 0 
7f88040a0000-7f8807df8000 ---p 00000000 00:00 0 
7f8807df8000-7f8807e00000 rw-p 00000000 00:00 0 
7f8807e00000-7f88080f0000 rwxp 00000000 00:00 0 
7f88080f0000-7f880f337000 ---p 00000000 00:00 0 
7f880f337000-7f880f657000 rwxp 00000000 00:00 0 
7f880f657000-7f880f8c8000 ---p 00000000 00:00 0 
7f880f8c8000-7f880fb38000 rwxp 00000000 00:00 0 
7f880fb38000-7f8816e00000 ---p 00000000 00:00 0 
7f8816e00000-7f881fe01000 r--s 00000000 103:07 16420860                  /usr/lib/jvm/java-26-openjdk/lib/modules
7f881fe01000-7f881fe05000 r--p 00000000 103:07 16028535                  /usr/lib/libXext.so.6.4.0
7f881fe05000-7f881fe10000 r-xp 00004000 103:07 16028535                  /usr/lib/libXext.so.6.4.0
7f881fe10000-7f881fe13000 r--p 0000f000 103:07 16028535                  /usr/lib/libXext.so.6.4.0
7f881fe13000-7f881fe14000 r--p 00011000 103:07 16028535                  /usr/lib/libXext.so.6.4.0
7f881fe14000-7f881fe15000 rw-p 00012000 103:07 16028535                  /usr/lib/libXext.so.6.4.0
7f881fe18000-7f881fe1a000 r--p 00000000 103:07 16039003                  /usr/lib/libgbm.so.1.0.0
7f881fe1a000-7f881fe1b000 r-xp 00002000 103:07 16039003                  /usr/lib/libgbm.so.1.0.0
7f881fe1b000-7f881fe1c000 r--p 00003000 103:07 16039003                  /usr/lib/libgbm.so.1.0.0
7f881fe1c000-7f881fe1d000 r--p 00003000 103:07 16039003                  /usr/lib/libgbm.so.1.0.0
7f881fe1d000-7f881fe1e000 rw-p 00004000 103:07 16039003                  /usr/lib/libgbm.so.1.0.0
7f881fe1e000-7f881fe25000 r--s 00000000 103:07 15994582                  /usr/lib/gconv/gconv-modules.cache
7f881fe25000-7f881fe5a000 r-xp 00000000 103:07 12732670                  /home/ajdc/Documents/GitHub/cmsc137-game/lib/natives/linux/x64/liblwjgl.so
7f881fe5a000-7f881fea2000 r--p 00035000 103:07 12732670                  /home/ajdc/Documents/GitHub/cmsc137-game/lib/natives/linux/x64/liblwjgl.so
7f881fea2000-7f881fea3000 r--p 0007c000 103:07 12732670                  /home/ajdc/Documents/GitHub/cmsc137-game/lib/natives/linux/x64/liblwjgl.so
7f881fea3000-7f881fea4000 rw-p 0007d000 103:07 12732670                  /home/ajdc/Documents/GitHub/cmsc137-game/lib/natives/linux/x64/liblwjgl.so
7f881fea4000-7f882100b000 rw-p 00000000 00:00 0 
7f882100b000-7f8824000000 ---p 00000000 00:00 0 
7f8824000000-7f8824001000 rw-s 00000000 00:06 1112                       /dev/nvidiactl
7f8824001000-7f8824004000 r--p 00000000 00:01 24                         /memfd:kwin-dmabuf-feedback-table (deleted)
7f8824004000-7f8824007000 r--p 00000000 103:07 16047159                  /usr/lib/libdecor-0.so.0.200.5
7f8824007000-7f882400a000 r-xp 00003000 103:07 16047159                  /usr/lib/libdecor-0.so.0.200.5
7f882400a000-7f882400c000 r--p 00006000 103:07 16047159                  /usr/lib/libdecor-0.so.0.200.5
7f882400c000-7f882400d000 r--p 00007000 103:07 16047159                  /usr/lib/libdecor-0.so.0.200.5
7f882400d000-7f882400e000 rw-p 00008000 103:07 16047159                  /usr/lib/libdecor-0.so.0.200.5
7f882400e000-7f8824010000 r--p 00000000 103:07 16031088                  /usr/lib/libwayland-cursor.so.0.24.0
7f8824010000-7f8824012000 r-xp 00002000 103:07 16031088                  /usr/lib/libwayland-cursor.so.0.24.0
7f8824012000-7f8824013000 r--p 00004000 103:07 16031088                  /usr/lib/libwayland-cursor.so.0.24.0
7f8824013000-7f8824014000 r--p 00004000 103:07 16031088                  /usr/lib/libwayland-cursor.so.0.24.0
7f8824014000-7f8824018000 rw-p 00005000 103:07 16031088                  /usr/lib/libwayland-cursor.so.0.24.0
7f8824018000-7f882401a000 r--p 00000000 103:07 16012073                  /usr/lib/libffi.so.8.2.0
7f882401a000-7f8824021000 r-xp 00002000 103:07 16012073                  /usr/lib/libffi.so.8.2.0
7f8824021000-7f8824022000 r--p 00009000 103:07 16012073                  /usr/lib/libffi.so.8.2.0
7f8824022000-7f8824023000 r--p 0000a000 103:07 16012073                  /usr/lib/libffi.so.8.2.0
7f8824023000-7f8824024000 rw-p 0000b000 103:07 16012073                  /usr/lib/libffi.so.8.2.0
7f8824024000-7f88249ef000 rw-p 00000000 00:00 0 
7f88249ef000-7f8824cf2000 rw-p 00000000 00:00 0 
7f8824cf2000-7f8824d00000 rw-p 00000000 00:00 0 
7f8824d00000-7f88254ab000 ---p 00000000 00:00 0 
7f88254ab000-7f88254ba000 rw-p 00000000 00:00 0 
7f88254ba000-7f8825c65000 ---p 00000000 00:00 0 
7f8825c65000-7f8825c74000 rw-p 00000000 00:00 0 
7f8825c74000-7f882641f000 ---p 00000000 00:00 0 
7f882641f000-7f8826e2f000 rw-p 00000000 00:00 0 
7f8826e2f000-7f8826f15000 ---p 00000000 00:00 0 
7f8826f15000-7f8826f1b000 rw-p 00000000 00:00 0 
7f8826f1b000-7f8827000000 ---p 00000000 00:00 0 
7f8827000000-7f8827097000 r--p 00000000 103:07 15994588                  /usr/lib/libstdc++.so.6.0.34
7f8827097000-7f88271ec000 r-xp 00097000 103:07 15994588                  /usr/lib/libstdc++.so.6.0.34
7f88271ec000-7f882727e000 r--p 001ec000 103:07 15994588                  /usr/lib/libstdc++.so.6.0.34
7f882727e000-7f882728f000 r--p 0027e000 103:07 15994588                  /usr/lib/libstdc++.so.6.0.34
7f882728f000-7f8827290000 rw-p 0028f000 103:07 15994588                  /usr/lib/libstdc++.so.6.0.34
7f8827290000-7f8827294000 rw-p 00000000 00:00 0 
7f8827294000-7f8827295000 rw-s 00000000 00:06 1116                       /dev/nvidia0
7f8827295000-7f8827298000 r--p 00000000 00:01 24                         /memfd:kwin-dmabuf-feedback-table (deleted)
7f8827298000-7f8827299000 r--p 00000000 103:07 16031091                  /usr/lib/libwayland-egl.so.1.24.0
7f8827299000-7f882729a000 r-xp 00001000 103:07 16031091                  /usr/lib/libwayland-egl.so.1.24.0
7f882729a000-7f882729b000 r--p 00002000 103:07 16031091                  /usr/lib/libwayland-egl.so.1.24.0
7f882729b000-7f882729c000 r--p 00002000 103:07 16031091                  /usr/lib/libwayland-egl.so.1.24.0
7f882729c000-7f882729d000 rw-p 00003000 103:07 16031091                  /usr/lib/libwayland-egl.so.1.24.0
7f882729d000-7f88272a0000 r--p 00000000 103:07 16031085                  /usr/lib/libwayland-client.so.0.24.0
7f88272a0000-7f88272a7000 r-xp 00003000 103:07 16031085                  /usr/lib/libwayland-client.so.0.24.0
7f88272a7000-7f88272aa000 r--p 0000a000 103:07 16031085                  /usr/lib/libwayland-client.so.0.24.0
7f88272aa000-7f88272ac000 r--p 0000c000 103:07 16031085                  /usr/lib/libwayland-client.so.0.24.0
7f88272ac000-7f88272ad000 rw-p 0000e000 103:07 16031085                  /usr/lib/libwayland-client.so.0.24.0
7f88272ad000-7f88272ae000 r--p 00000000 103:07 15993879                  /usr/lib/librt.so.1
7f88272ae000-7f88272af000 r-xp 00001000 103:07 15993879                  /usr/lib/librt.so.1
7f88272af000-7f88272b0000 r--p 00002000 103:07 15993879                  /usr/lib/librt.so.1
7f88272b0000-7f88272b1000 r--p 00002000 103:07 15993879                  /usr/lib/librt.so.1
7f88272b1000-7f88272b2000 rw-p 00003000 103:07 15993879                  /usr/lib/librt.so.1
7f88272b2000-7f88272b3000 r--p 00000000 103:07 15993874                  /usr/lib/libpthread.so.0
7f88272b3000-7f88272b4000 r-xp 00001000 103:07 15993874                  /usr/lib/libpthread.so.0
7f88272b4000-7f88272b5000 r--p 00002000 103:07 15993874                  /usr/lib/libpthread.so.0
7f88272b5000-7f88272b6000 r--p 00002000 103:07 15993874                  /usr/lib/libpthread.so.0
7f88272b6000-7f88272b7000 rw-p 00003000 103:07 15993874                  /usr/lib/libpthread.so.0
7f88272b7000-7f88272b8000 r--p 00000000 103:07 15993851                  /usr/lib/libdl.so.2
7f88272b8000-7f88272b9000 r-xp 00001000 103:07 15993851                  /usr/lib/libdl.so.2
7f88272b9000-7f88272ba000 r--p 00002000 103:07 15993851                  /usr/lib/libdl.so.2
7f88272ba000-7f88272bb000 r--p 00002000 103:07 15993851                  /usr/lib/libdl.so.2
7f88272bb000-7f88272bc000 rw-p 00003000 103:07 15993851                  /usr/lib/libdl.so.2
7f88272bc000-7f88272bd000 r--p 00000000 103:07 16420855                  /usr/lib/jvm/java-26-openjdk/lib/libsimdsort.so
7f88272bd000-7f88272f8000 r-xp 00001000 103:07 16420855                  /usr/lib/jvm/java-26-openjdk/lib/libsimdsort.so
7f88272f8000-7f88272fe000 r--p 0003c000 103:07 16420855                  /usr/lib/jvm/java-26-openjdk/lib/libsimdsort.so
7f88272fe000-7f88272ff000 r--p 00041000 103:07 16420855                  /usr/lib/jvm/java-26-openjdk/lib/libsimdsort.so
7f88272ff000-7f8827300000 rw-p 00042000 103:07 16420855                  /usr/lib/jvm/java-26-openjdk/lib/libsimdsort.so
7f8827300000-7f8827304000 ---p 00000000 00:00 0 
7f8827304000-7f8827400000 rw-p 00000000 00:00 0 
7f8827400000-7f882740e000 r--p 00000000 103:07 16420873                  /usr/lib/jvm/java-26-openjdk/lib/server/libjvm.so
7f882740e000-7f882831e000 r-xp 0000e000 103:07 16420873                  /usr/lib/jvm/java-26-openjdk/lib/server/libjvm.so
7f882831e000-7f8828546000 r--p 00f1e000 103:07 16420873                  /usr/lib/jvm/java-26-openjdk/lib/server/libjvm.so
7f8828546000-7f8828637000 r--p 01146000 103:07 16420873                  /usr/lib/jvm/java-26-openjdk/lib/server/libjvm.so
7f8828637000-7f8828658000 rw-p 01237000 103:07 16420873                  /usr/lib/jvm/java-26-openjdk/lib/server/libjvm.so
7f8828658000-7f88286db000 rw-p 00000000 00:00 0 
7f88286db000-7f88286dc000 rw-s 00000000 00:06 1112                       /dev/nvidiactl
7f88286dc000-7f88286dd000 rw-s 00000000 00:06 1112                       /dev/nvidiactl
7f88286dd000-7f88286df000 r--p 00000000 103:07 16420859                  /usr/lib/jvm/java-26-openjdk/lib/libzip.so
7f88286df000-7f88286e3000 r-xp 00002000 103:07 16420859                  /usr/lib/jvm/java-26-openjdk/lib/libzip.so
7f88286e3000-7f88286e5000 r--p 00006000 103:07 16420859                  /usr/lib/jvm/java-26-openjdk/lib/libzip.so
7f88286e5000-7f88286e6000 r--p 00007000 103:07 16420859                  /usr/lib/jvm/java-26-openjdk/lib/libzip.so
7f88286e6000-7f88286e7000 rw-p 00008000 103:07 16420859                  /usr/lib/jvm/java-26-openjdk/lib/libzip.so
7f88286e7000-7f88286ee000 r--p 00000000 103:07 16420850                  /usr/lib/jvm/java-26-openjdk/lib/libnio.so
7f88286ee000-7f88286f7000 r-xp 00007000 103:07 16420850                  /usr/lib/jvm/java-26-openjdk/lib/libnio.so
7f88286f7000-7f88286fc000 r--p 00010000 103:07 16420850                  /usr/lib/jvm/java-26-openjdk/lib/libnio.so
7f88286fc000-7f88286fd000 r--p 00014000 103:07 16420850                  /usr/lib/jvm/java-26-openjdk/lib/libnio.so
7f88286fd000-7f88286fe000 rw-p 00015000 103:07 16420850                  /usr/lib/jvm/java-26-openjdk/lib/libnio.so
7f88286fe000-7f8828740000 rw-p 00000000 00:00 0 
7f8828740000-7f882874a000 r--p 00000000 103:07 16420835                  /usr/lib/jvm/java-26-openjdk/lib/libjava.so
7f882874a000-7f8828758000 r-xp 0000a000 103:07 16420835                  /usr/lib/jvm/java-26-openjdk/lib/libjava.so
7f8828758000-7f882875d000 r--p 00018000 103:07 16420835                  /usr/lib/jvm/java-26-openjdk/lib/libjava.so
7f882875d000-7f882875e000 r--p 0001d000 103:07 16420835                  /usr/lib/jvm/java-26-openjdk/lib/libjava.so
7f882875e000-7f882875f000 rw-p 0001e000 103:07 16420835                  /usr/lib/jvm/java-26-openjdk/lib/libjava.so
7f882875f000-7f8828760000 rw-p 00000000 00:00 0 
7f8828760000-7f8828764000 r--p 00000000 103:07 15994584                  /usr/lib/libgcc_s.so.1
7f8828764000-7f8828787000 r-xp 00004000 103:07 15994584                  /usr/lib/libgcc_s.so.1
7f8828787000-7f882878b000 r--p 00027000 103:07 15994584                  /usr/lib/libgcc_s.so.1
7f882878b000-7f882878c000 r--p 0002a000 103:07 15994584                  /usr/lib/libgcc_s.so.1
7f882878c000-7f882878d000 rw-p 0002b000 103:07 15994584                  /usr/lib/libgcc_s.so.1
7f882878d000-7f882879d000 r--p 00000000 103:07 15993856                  /usr/lib/libm.so.6
7f882879d000-7f8828834000 r-xp 00010000 103:07 15993856                  /usr/lib/libm.so.6
7f8828834000-7f88288a9000 r--p 000a7000 103:07 15993856                  /usr/lib/libm.so.6
7f88288a9000-7f88288aa000 r--p 0011b000 103:07 15993856                  /usr/lib/libm.so.6
7f88288aa000-7f88288ab000 rw-p 0011c000 103:07 15993856                  /usr/lib/libm.so.6
7f88288ab000-7f88288ad000 rw-p 00000000 00:00 0 
7f88288ad000-7f88288b0000 r--p 00000000 103:07 15998306                  /usr/lib/libz.so.1.3.2
7f88288b0000-7f88288c0000 r-xp 00003000 103:07 15998306                  /usr/lib/libz.so.1.3.2
7f88288c0000-7f88288c6000 r--p 00013000 103:07 15998306                  /usr/lib/libz.so.1.3.2
7f88288c6000-7f88288c7000 r--p 00018000 103:07 15998306                  /usr/lib/libz.so.1.3.2
7f88288c7000-7f88288c8000 rw-p 00019000 103:07 15998306                  /usr/lib/libz.so.1.3.2
7f88288c8000-7f88288ec000 r--p 00000000 103:07 15993846                  /usr/lib/libc.so.6
7f88288ec000-7f8828a5d000 r-xp 00024000 103:07 15993846                  /usr/lib/libc.so.6
7f8828a5d000-7f8828aab000 r--p 00195000 103:07 15993846                  /usr/lib/libc.so.6
7f8828aab000-7f8828aaf000 r--p 001e2000 103:07 15993846                  /usr/lib/libc.so.6
7f8828aaf000-7f8828ab1000 rw-p 001e6000 103:07 15993846                  /usr/lib/libc.so.6
7f8828ab1000-7f8828ab9000 rw-p 00000000 00:00 0 
7f8828ab9000-7f8828aba000 r--s 00000000 00:06 1112                       /dev/nvidiactl
7f8828aba000-7f8828abc000 r--p 00000000 103:07 16420849                  /usr/lib/jvm/java-26-openjdk/lib/libnet.so
7f8828abc000-7f8828ac3000 r-xp 00002000 103:07 16420849                  /usr/lib/jvm/java-26-openjdk/lib/libnet.so
7f8828ac3000-7f8828ac5000 r--p 00009000 103:07 16420849                  /usr/lib/jvm/java-26-openjdk/lib/libnet.so
7f8828ac5000-7f8828ac6000 r--p 0000a000 103:07 16420849                  /usr/lib/jvm/java-26-openjdk/lib/libnet.so
7f8828ac6000-7f8828ac7000 rw-p 0000b000 103:07 16420849                  /usr/lib/jvm/java-26-openjdk/lib/libnet.so
7f8828ac7000-7f8828ace000 rw-p 00000000 00:00 0 
7f8828ace000-7f8828ad3000 ---p 00000000 00:00 0 
7f8828ad3000-7f8828adb000 rw-s 00000000 00:22 459                        /tmp/hsperfdata_ajdc/57612 (deleted)
7f8828adb000-7f8828adc000 ---p 00000000 00:00 0 
7f8828adc000-7f8828add000 r--p 00000000 00:00 0 
7f8828add000-7f8828ade000 ---p 00000000 00:00 0 
7f8828ade000-7f8828adf000 r--p 00000000 103:07 16420839                  /usr/lib/jvm/java-26-openjdk/lib/libjimage.so
7f8828adf000-7f8828ae1000 r-xp 00001000 103:07 16420839                  /usr/lib/jvm/java-26-openjdk/lib/libjimage.so
7f8828ae1000-7f8828ae2000 r--p 00003000 103:07 16420839                  /usr/lib/jvm/java-26-openjdk/lib/libjimage.so
7f8828ae2000-7f8828ae3000 r--p 00003000 103:07 16420839                  /usr/lib/jvm/java-26-openjdk/lib/libjimage.so
7f8828ae3000-7f8828ae4000 rw-p 00004000 103:07 16420839                  /usr/lib/jvm/java-26-openjdk/lib/libjimage.so
7f8828ae4000-7f8828ae6000 r--p 00000000 103:07 16420840                  /usr/lib/jvm/java-26-openjdk/lib/libjli.so
7f8828ae6000-7f8828af0000 r-xp 00002000 103:07 16420840                  /usr/lib/jvm/java-26-openjdk/lib/libjli.so
7f8828af0000-7f8828af3000 r--p 0000c000 103:07 16420840                  /usr/lib/jvm/java-26-openjdk/lib/libjli.so
7f8828af3000-7f8828af4000 r--p 0000e000 103:07 16420840                  /usr/lib/jvm/java-26-openjdk/lib/libjli.so
7f8828af4000-7f8828af5000 rw-p 0000f000 103:07 16420840                  /usr/lib/jvm/java-26-openjdk/lib/libjli.so
7f8828af5000-7f8828af7000 rw-p 00000000 00:00 0 
7f8828af7000-7f8828afb000 r--p 00000000 00:00 0                          [vvar]
7f8828afb000-7f8828afd000 r--p 00000000 00:00 0                          [vvar_vclock]
7f8828afd000-7f8828aff000 r-xp 00000000 00:00 0                          [vdso]
7f8828aff000-7f8828b00000 r--p 00000000 103:07 15993837                  /usr/lib/ld-linux-x86-64.so.2
7f8828b00000-7f8828b2a000 r-xp 00001000 103:07 15993837                  /usr/lib/ld-linux-x86-64.so.2
7f8828b2a000-7f8828b35000 r--p 0002b000 103:07 15993837                  /usr/lib/ld-linux-x86-64.so.2
7f8828b35000-7f8828b37000 r--p 00036000 103:07 15993837                  /usr/lib/ld-linux-x86-64.so.2
7f8828b37000-7f8828b38000 rw-p 00038000 103:07 15993837                  /usr/lib/ld-linux-x86-64.so.2
7f8828b38000-7f8828b39000 rw-p 00000000 00:00 0 
7fff19525000-7fff19546000 rw-p 00000000 00:00 0                          [stack]
ffffffffff600000-ffffffffff601000 --xp 00000000 00:00 0                  [vsyscall]
Total number of mappings: 726

JVMTI agents: none


VM Arguments:
jvm_args: -Djava.library.path=lib/natives/linux/x64 
java_command: client.Main
java_class_path (initial): lib/lwjgl.jar:lib/lwjgl-glfw.jar:lib/lwjgl-opengl.jar:lib/lwjgl-stb.jar:lib/joml-1.10.8.jar:lib/joml-primitives-1.10.0.jar:out
Launcher Type: SUN_STANDARD

[Global flags]
     bool AOTAdapterCaching                        = false                                  {diagnostic} {ergonomic}
     bool AOTInvokeDynamicLinking                  = false                                  {diagnostic} {ergonomic}
     bool AOTRecordTraining                        = false                                  {diagnostic} {ergonomic}
     bool AOTReplayTraining                        = false                                  {diagnostic} {ergonomic}
     bool AOTStubCaching                           = false                                  {diagnostic} {ergonomic}
     intx CICompilerCount                          = 4                                         {product} {ergonomic}
     uint ConcGCThreads                            = 3                                         {product} {ergonomic}
     uint G1ConcRefinementThreads                  = 10                                        {product} {ergonomic}
     uint G1EagerReclaimRemSetThreshold            = 16                                   {experimental} {ergonomic}
   size_t G1HeapRegionSize                         = 2097152                                   {product} {ergonomic}
     uint G1RemSetArrayOfCardsEntries              = 16                                   {experimental} {ergonomic}
     uint G1RemSetHowlMaxNumBuckets                = 8                                    {experimental} {ergonomic}
     uint G1RemSetHowlNumBuckets                   = 8                                    {experimental} {ergonomic}
   size_t InitialHeapSize                          = 8388608                                   {product} {ergonomic}
     bool IntelJccErratumMitigation                = false                             {ARCH diagnostic} {ergonomic}
   size_t MarkStackSize                            = 4194304                                   {product} {ergonomic}
   size_t MarkStackSizeMax                         = 536870912                                 {product} {ergonomic}
   size_t MaxHeapSize                              = 4148166656                                {product} {ergonomic}
   size_t MaxNewSize                               = 2487222272                                {product} {ergonomic}
 uint64_t MaxRAM                                   = 16585961472                               {product} {ergonomic}
   size_t MinHeapDeltaBytes                        = 2097152                                   {product} {ergonomic}
   size_t MinHeapSize                              = 8388608                                   {product} {ergonomic}
   size_t NonNMethodCodeHeapSize                   = 5836800                                {pd product} {ergonomic}
   size_t NonProfiledCodeHeapSize                  = 122912768                              {pd product} {ergonomic}
   size_t ProfiledCodeHeapSize                     = 122908672                              {pd product} {ergonomic}
   size_t ReservedCodeCacheSize                    = 251658240                              {pd product} {ergonomic}
     bool SegmentedCodeCache                       = true                                      {product} {ergonomic}
   size_t SoftMaxHeapSize                          = 4148166656                             {manageable} {ergonomic}
     bool UseCompressedOops                        = true                           {product lp64_product} {ergonomic}
     bool UseCondCardMark                          = true                                      {product} {ergonomic}
     bool UseFastUnorderedTimeStamps               = true                                 {experimental} {ergonomic}
     bool UseG1GC                                  = true                                      {product} {ergonomic}
      int X86ICacheSync                            = 2                                 {ARCH diagnostic} {ergonomic}

Logging:
Log output configuration:
 #0: 
[error occurred during error reporting (printing log configuration), id 0xb, SIGSEGV (0xb) at pc=0x00007f8827d6f7a8]
Release file:
IMPLEMENTOR="Arch Linux"
JAVA_RUNTIME_VERSION="26.0.2"
JAVA_VERSION="26.0.2"
JAVA_VERSION_DATE="2026-03-17"
LIBC="gnu"
MODULES="java.base java.compiler java.datatransfer java.xml java.prefs java.desktop java.instrument java.logging java.management java.security.sasl java.naming java.rmi java.management.rmi java.net.http java.scripting java.security.jgss java.transaction.xa java.sql java.sql.rowset java.xml.crypto java.se java.smartcardio jdk.accessibility jdk.internal.jvmstat jdk.attach jdk.charsets jdk.internal.opt jdk.zipfs jdk.compiler jdk.crypto.cryptoki jdk.crypto.ec jdk.dynalink jdk.internal.ed jdk.editpad jdk.internal.vm.ci jdk.graal.compiler jdk.graal.compiler.management jdk.hotspot.agent jdk.httpserver jdk.incubator.vector jdk.internal.le jdk.internal.md jdk.jartool jdk.javadoc jdk.jcmd jdk.management jdk.management.agent jdk.jconsole jdk.jdeps jdk.jdwp.agent jdk.jdi jdk.jfr jdk.jlink jdk.jpackage jdk.jshell jdk.jstatd jdk.localedata jdk.management.jfr jdk.naming.dns jdk.naming.rmi jdk.net jdk.nio.mapmode jdk.sctp jdk.security.auth jdk.security.jgss jdk.unsupported jdk.unsupported.desktop jdk.xml.dom"
OS_ARCH="x86_64"
OS_NAME="Linux"
SOURCE=""

Environment Variables:
PATH=/home/ajdc/.local/bin:/home/ajdc/.nvm/versions/node/v24.15.0/bin:/usr/local/sbin:/usr/local/bin:/usr/bin:/var/lib/flatpak/exports/bin:/usr/bin/site_perl:/usr/bin/vendor_perl:/usr/bin/core_perl
SHELL=/usr/bin/bash
DISPLAY=:1
WAYLAND_DISPLAY=wayland-0
LANG=en_US.UTF-8
TERM=xterm-256color

Active Locale:
LC_ALL=en_US.UTF-8
LC_COLLATE=en_US.UTF-8
LC_CTYPE=en_US.UTF-8
LC_MESSAGES=en_US.UTF-8
LC_MONETARY=en_US.UTF-8
LC_NUMERIC=en_US.UTF-8
LC_TIME=en_US.UTF-8

Signal Handlers:
   SIGSEGV: 0x00007f882824e3d0 in libjvm.so+15000528, mask=11100100010111111101111111111110, flags=SA_RESTART|SA_SIGINFO, unblocked
    SIGBUS: 0x00007f882824e3d0 in libjvm.so+15000528, mask=11100100010111111101111111111110, flags=SA_RESTART|SA_SIGINFO, unblocked
    SIGFPE: 0x00007f882824e3d0 in libjvm.so+15000528, mask=11100100010111111101111111111110, flags=SA_RESTART|SA_SIGINFO, unblocked
   SIGPIPE: 0x00007f88280be790 in libjvm.so+13363088, mask=11100100010111111101111111111110, flags=SA_RESTART|SA_SIGINFO, blocked
   SIGXFSZ: 0x00007f88280be790 in libjvm.so+13363088, mask=11100100010111111101111111111110, flags=SA_RESTART|SA_SIGINFO, blocked
    SIGILL: 0x00007f882824e3d0 in libjvm.so+15000528, mask=11100100010111111101111111111110, flags=SA_RESTART|SA_SIGINFO, unblocked
   SIGUSR2: 0x00007f88280bfef0 in libjvm.so+13369072, mask=00000000000000000000000000000000, flags=SA_RESTART|SA_SIGINFO, blocked
    SIGHUP: 0x00007f88280aab40 in libjvm.so+13282112, mask=11100100010111111101111111111110, flags=SA_RESTART|SA_SIGINFO, blocked
    SIGINT: 0x00007f88280aab40 in libjvm.so+13282112, mask=11100100010111111101111111111110, flags=SA_RESTART|SA_SIGINFO, blocked
   SIGTERM: 0x00007f88280aab40 in libjvm.so+13282112, mask=11100100010111111101111111111110, flags=SA_RESTART|SA_SIGINFO, blocked
   SIGQUIT: 0x00007f88280aab40 in libjvm.so+13282112, mask=11100100010111111101111111111110, flags=SA_RESTART|SA_SIGINFO, blocked
   SIGTRAP: 0x00007f882824e3d0 in libjvm.so+15000528, mask=11100100010111111101111111111110, flags=SA_RESTART|SA_SIGINFO, unblocked

Compilation memory statistics disabled.

Periodic native trim disabled

---------------  S Y S T E M  ---------------

OS:
NAME="Arch Linux"
PRETTY_NAME="Arch Linux"
ID=arch
BUILD_ID=rolling
ANSI_COLOR="38;2;23;147;209"
HOME_URL="https://archlinux.org/"
DOCUMENTATION_URL="https://wiki.archlinux.org/"
SUPPORT_URL="https://bbs.archlinux.org/"
BUG_REPORT_URL="https://gitlab.archlinux.org/groups/archlinux/-/issues"
PRIVACY_POLICY_URL="https://terms.archlinux.org/docs/privacy-policy/"
LOGO=archlinux-logo
uname: Linux 6.19.11-arch1-1 #1 SMP PREEMPT_DYNAMIC Thu, 02 Apr 2026 23:33:01 +0000 x86_64
OS uptime: 0 days 3:29 hours
libc: glibc 2.43 NPTL 2.43 
rlimit (soft/hard): STACK 8192k/infinity , CORE infinity/infinity , NPROC 62427/62427 , NOFILE 524288/524288 , AS infinity/infinity , CPU infinity/infinity , DATA infinity/infinity , FSIZE infinity/infinity , MEMLOCK 8192k/8192k
load average: 2.74 1.92 1.52

/proc/meminfo:
MemTotal:       16197228 kB
MemFree:          236336 kB
MemAvailable:    3223128 kB
Buffers:           27376 kB
Cached:          2328924 kB
SwapCached:         5140 kB
Active:          6424884 kB
Inactive:        6292744 kB
Active(anon):    5118108 kB
Inactive(anon):  4446648 kB
Active(file):    1306776 kB
Inactive(file):  1846096 kB
Unevictable:        1136 kB
Mlocked:            1136 kB
SwapTotal:       8098812 kB
SwapFree:        3715164 kB
Zswap:                 0 kB
Zswapped:              0 kB
Dirty:              2872 kB
Writeback:             0 kB
AnonPages:      10155168 kB
Mapped:          2526212 kB
Shmem:            348972 kB
KReclaimable:     173704 kB
Slab:             441112 kB
SReclaimable:     173704 kB
SUnreclaim:       267408 kB
KernelStack:       41952 kB
PageTables:       149300 kB
SecPageTables:      1028 kB
NFS_Unstable:          0 kB
Bounce:                0 kB
WritebackTmp:          0 kB
CommitLimit:    16197424 kB
Committed_AS:   48440768 kB
VmallocTotal:   34359738367 kB
VmallocUsed:      210700 kB
VmallocChunk:          0 kB
Percpu:            12928 kB
HardwareCorrupted:     0 kB
AnonHugePages:   1075200 kB
ShmemHugePages:   118784 kB
ShmemPmdMapped:   104448 kB
FileHugePages:    344064 kB
FilePmdMapped:    335872 kB
CmaTotal:              0 kB
CmaFree:               0 kB
Unaccepted:            0 kB
Balloon:               0 kB
HugePages_Total:       0
HugePages_Free:        0
HugePages_Rsvd:        0
HugePages_Surp:        0
Hugepagesize:       2048 kB
Hugetlb:               0 kB
DirectMap4k:    12216184 kB
DirectMap2M:     4390912 kB
DirectMap1G:           0 kB

/sys/kernel/mm/transparent_hugepage/enabled: [always] madvise never
/sys/kernel/mm/transparent_hugepage/hpage_pmd_size: 2097152
/sys/kernel/mm/transparent_hugepage/shmem_enabled: always [within_size] advise never deny force
/sys/kernel/mm/transparent_hugepage/defrag (defrag/compaction efforts parameter): always defer defer+madvise [madvise] never

Process Memory:
Virtual Size: 8293128K (peak: 8351636K)
Resident Set Size: 610376K (peak: 610376K) (anon: 129560K, file: 479928K, shmem: 888K)
Swapped out: 0K
C-Heap outstanding allocations: 54809K, retained: 48602K
glibc malloc tunables: (default)

/proc/sys/kernel/threads-max (system-wide limit on the number of threads): 124854
/proc/sys/vm/max_map_count (maximum number of memory map areas a process may have): 1048576
/proc/sys/vm/swappiness (control to define how aggressively the kernel swaps out anonymous memory): 60
/proc/sys/kernel/pid_max (system-wide limit on number of process identifiers): 4194304

container information not found.
Steal ticks since vm start: 0
Steal ticks percentage since vm start:  0.000

CPU: total 12 (initial active 12) (6 cores per cpu, 2 threads per core) family 6 model 167 stepping 1 microcode 0x65, cx8, cmov, fxsr, ht, mmx, 3dnowpref, sse, sse2, sse3, ssse3, sse4.1, sse4.2, popcnt, lzcnt, tsc, tscinvbit, avx, avx2, aes, erms, clmul, bmi1, bmi2, adx, avx512f, avx512dq, avx512cd, avx512bw, avx512vl, sha, fma, vzeroupper, avx512_vpopcntdq, avx512_vpclmulqdq, avx512_vaes, avx512_vnni, clflush, clflushopt, avx512_vbmi2, avx512_vbmi, rdtscp, rdpid, fsrm, gfni, avx512_bitalg, f16c, pku, ospke, avx512_ifma
CPU Model and flags from /proc/cpuinfo:
model name	: 11th Gen Intel(R) Core(TM) i5-11400F @ 2.60GHz
flags		: fpu vme de pse tsc msr pae mce cx8 apic sep mtrr pge mca cmov pat pse36 clflush dts acpi mmx fxsr sse sse2 ss ht tm pbe syscall nx pdpe1gb rdtscp lm constant_tsc art arch_perfmon pebs bts rep_good nopl xtopology nonstop_tsc cpuid aperfmperf tsc_known_freq pni pclmulqdq dtes64 monitor ds_cpl vmx est tm2 ssse3 sdbg fma cx16 xtpr pdcm pcid sse4_1 sse4_2 x2apic movbe popcnt tsc_deadline_timer aes xsave avx f16c rdrand lahf_lm abm 3dnowprefetch cpuid_fault epb ssbd ibrs ibpb stibp ibrs_enhanced tpr_shadow flexpriority ept vpid ept_ad fsgsbase tsc_adjust bmi1 avx2 smep bmi2 erms invpcid mpx avx512f avx512dq rdseed adx smap avx512ifma clflushopt intel_pt avx512cd sha_ni avx512bw avx512vl xsaveopt xsavec xgetbv1 xsaves dtherm ida arat pln pts hwp hwp_notify hwp_act_window hwp_epp hwp_pkg_req vnmi avx512vbmi umip pku ospke avx512_vbmi2 gfni vaes vpclmulqdq avx512_vnni avx512_bitalg avx512_vpopcntdq rdpid fsrm md_clear flush_l1d arch_capabilities

Online cpus: 0-11
Offline cpus: 
BIOS frequency limitation: <Not Available>
Frequency switch latency (ns): 0
Available cpu frequencies: <Not Available>
Current governor: powersave
Core performance/turbo boost: <Not Available>

Memory: 4k page, physical 16197228k(3223128k free), swap 8098812k(3715164k free)
Page Sizes: 4k

vm_info: OpenJDK 64-Bit Server VM (26.0.2) for linux-amd64 JRE (26.0.2), built on 2026-03-17T20:14:31Z with gcc 15.2.1 20260209

END.
